source_page,anchor_text,target_url,status_code,final_url,canonical,indexability,owned,hops
https://www.poshaktaranom.ir/,POSHAK TARANOM,https://www.poshaktaranom.ir/,200,https://www.poshaktaranom.ir/,https://www.poshaktaranom.ir,INDEXABLE,yes,0
https://www.poshaktaranom.ir/,صفحه اصلی,https://www.poshaktaranom.ir/,200,https://www.poshaktaranom.ir/,https://www.poshaktaranom.ir,INDEXABLE,yes,0
https://www.poshaktaranom.ir/,جدیدترین‌ها,https://www.poshaktaranom.ir/products,200,https://www.poshaktaranom.ir/products,https://www.poshaktaranom.ir/products,INDEXABLE,yes,0
https://www.poshaktaranom.ir/,کلکسیون,https://www.poshaktaranom.ir/collections,200,https://www.poshaktaranom.ir/collections,https://www.poshaktaranom.ir/collections,INDEXABLE,yes,0
https://www.poshaktaranom.ir/,وبلاگ,https://www.poshaktaranom.ir/blog,200,https://www.poshaktaranom.ir/blog,https://www.poshaktaranom.ir/blog,INDEXABLE,yes,0
https://www.poshaktaranom.ir/,درباره ما,https://www.poshaktaranom.ir/about,200,https://www.poshaktaranom.ir/about,https://www.poshaktaranom.ir/about,INDEXABLE,yes,0
https://www.poshaktaranom.ir/,تماس با ما,https://www.poshaktaranom.ir/contact,200,https://www.poshaktaranom.ir/contact,https://www.poshaktaranom.ir/contact,INDEXABLE,yes,0
https://www.poshaktaranom.ir/,,https://www.poshaktaranom.ir/products,200,https://www.poshaktaranom.ir/products,https://www.poshaktaranom.ir/products,INDEXABLE,yes,0
https://www.poshaktaranom.ir/,,https://www.poshaktaranom.ir/account,200,https://www.poshaktaranom.ir/account,,NOINDEX,yes,0
https://www.poshaktaranom.ir/,جدیدترین‌ها,https://www.poshaktaranom.ir/products,200,https://www.poshaktaranom.ir/products,https://www.poshaktaranom.ir/products,INDEXABLE,yes,0
https://www.poshaktaranom.ir/,کلکسیون‌ها,https://www.poshaktaranom.ir/collections,200,https://www.poshaktaranom.ir/collections,https://www.poshaktaranom.ir/collections,INDEXABLE,yes,0
https://www.poshaktaranom.ir/,مانتو,https://www.poshaktaranom.ir/products,200,https://www.poshaktaranom.ir/products,https://www.poshaktaranom.ir/products,INDEXABLE,yes,0
https://www.poshaktaranom.ir/,ارسال,https://www.poshaktaranom.ir/shipping,200,https://www.poshaktaranom.ir/shipping,https://www.poshaktaranom.ir/shipping,INDEXABLE,yes,0
https://www.poshaktaranom.ir/,مرجوعی و تعویض,https://www.poshaktaranom.ir/returns,200,https://www.poshaktaranom.ir/returns,https://www.poshaktaranom.ir/returns,INDEXABLE,yes,0
https://www.poshaktaranom.ir/,حساب کاربری,https://www.poshaktaranom.ir/account,200,https://www.poshaktaranom.ir/account,,NOINDEX,yes,0
https://www.poshaktaranom.ir/,درباره ما,https://www.poshaktaranom.ir/about,200,https://www.poshaktaranom.ir/about,https://www.poshaktaranom.ir/about,INDEXABLE,yes,0
https://www.poshaktaranom.ir/,تماس,https://www.poshaktaranom.ir/contact,200,https://www.poshaktaranom.ir/contact,https://www.poshaktaranom.ir/contact,INDEXABLE,yes,0
https://www.poshaktaranom.ir/,خرید عمده,https://poshaktaranom.com/,200,https://poshaktaranom.com/,https://poshaktaranom.com,INDEXABLE,yes,0
https://www.poshaktaranom.ir/,,https://trustseal.enamad.ir/?id=539366&amp;Code=30taf181eKxgXBhkF6gHyal9VAyjyXT1,,,,UNKNOWN,no,
https://www.poshaktaranom.ir/,مشاهده جدیدترین‌ها,https://www.poshaktaranom.ir/products,200,https://www.poshaktaranom.ir/products,https://www.poshaktaranom.ir/products,INDEXABLE,yes,0
https://www.poshaktaranom.ir/,ورود به سایت عمده,https://poshaktaranom.com/,200,https://poshaktaranom.com/,https://poshaktaranom.com,INDEXABLE,yes,0
https://www.poshaktaranom.ir/,شومیز مشاهده مجموعه,https://www.poshaktaranom.ir/products?categoryId=460d6de0-9867-45d4-91ed-19f4419c4236,200,https://www.poshaktaranom.ir/products?categoryId=460d6de0-9867-45d4-91ed-19f4419c4236,https://www.poshaktaranom.ir/products,NOINDEX,yes,0
https://www.poshaktaranom.ir/,کت مشاهده مجموعه,https://www.poshaktaranom.ir/products?categoryId=5a391b53-b411-4a6c-b214-9dcf8554cc6b,200,https://www.poshaktaranom.ir/products?categoryId=5a391b53-b411-4a6c-b214-9dcf8554cc6b,https://www.poshaktaranom.ir/products,NOINDEX,yes,0
https://www.poshaktaranom.ir/,کفتان مشاهده مجموعه,https://www.poshaktaranom.ir/products?categoryId=91007c22-7ffd-463b-ad96-3ea7ffb76b3f,200,https://www.poshaktaranom.ir/products?categoryId=91007c22-7ffd-463b-ad96-3ea7ffb76b3f,https://www.poshaktaranom.ir/products,NOINDEX,yes,0
https://www.poshaktaranom.ir/,شلوار مشاهده مجموعه,https://www.poshaktaranom.ir/products?categoryId=960df3e2-2ba4-4d0d-9b0c-00be8234d351,200,https://www.poshaktaranom.ir/products?categoryId=960df3e2-2ba4-4d0d-9b0c-00be8234d351,https://www.poshaktaranom.ir/products,NOINDEX,yes,0
https://www.poshaktaranom.ir/,دامن مشاهده مجموعه,https://www.poshaktaranom.ir/products?categoryId=c70996e3-8fc8-410e-8654-604458d710d8,200,https://www.poshaktaranom.ir/products?categoryId=c70996e3-8fc8-410e-8654-604458d710d8,https://www.poshaktaranom.ir/products,NOINDEX,yes,0
https://www.poshaktaranom.ir/,کت و شلوار مشاهده مجموعه,https://www.poshaktaranom.ir/products?categoryId=82087c78-d3f9-41f3-aff5-61d53bc9330f,200,https://www.poshaktaranom.ir/products?categoryId=82087c78-d3f9-41f3-aff5-61d53bc9330f,https://www.poshaktaranom.ir/products,NOINDEX,yes,0
https://www.poshaktaranom.ir/,کت و دامن مشاهده مجموعه,https://www.poshaktaranom.ir/products?categoryId=7907f66b-724b-4dd7-93a9-0990acfb4353,200,https://www.poshaktaranom.ir/products?categoryId=7907f66b-724b-4dd7-93a9-0990acfb4353,https://www.poshaktaranom.ir/products,NOINDEX,yes,0
https://www.poshaktaranom.ir/,وست و دامن مشاهده مجموعه,https://www.poshaktaranom.ir/products?categoryId=5bfe7bea-bddd-4668-96ae-6f7375fc81f2,200,https://www.poshaktaranom.ir/products?categoryId=5bfe7bea-bddd-4668-96ae-6f7375fc81f2,https://www.poshaktaranom.ir/products,NOINDEX,yes,0
https://www.poshaktaranom.ir/,وست و شلوار مشاهده مجموعه,https://www.poshaktaranom.ir/products?categoryId=e4c8ece6-14aa-4722-97bc-b4cb034b95b3,200,https://www.poshaktaranom.ir/products?categoryId=e4c8ece6-14aa-4722-97bc-b4cb034b95b3,https://www.poshaktaranom.ir/products,NOINDEX,yes,0
https://www.poshaktaranom.ir/,کاپشن و زمستانی مشاهده مجموعه,https://www.poshaktaranom.ir/products?categoryId=853ce8db-88e1-48e5-8da1-c33e1860207d,200,https://www.poshaktaranom.ir/products?categoryId=853ce8db-88e1-48e5-8da1-c33e1860207d,https://www.poshaktaranom.ir/products,NOINDEX,yes,0
https://www.poshaktaranom.ir/,مشاهده همه محصولات,https://www.poshaktaranom.ir/products,200,https://www.poshaktaranom.ir/products,https://www.poshaktaranom.ir/products,INDEXABLE,yes,0
https://www.poshaktaranom.ir/,,https://www.poshaktaranom.ir/products/linen-sport-jacket-erika,200,https://www.poshaktaranom.ir/products/linen-sport-jacket-erika,https://www.poshaktaranom.ir/products/linen-sport-jacket-erika,INDEXABLE,yes,0
https://www.poshaktaranom.ir/,انتخاب سایز,https://www.poshaktaranom.ir/products/linen-sport-jacket-erika,200,https://www.poshaktaranom.ir/products/linen-sport-jacket-erika,https://www.poshaktaranom.ir/products/linen-sport-jacket-erika,INDEXABLE,yes,0
https://www.poshaktaranom.ir/,کت اسپرت لینن مدل اریکا,https://www.poshaktaranom.ir/products/linen-sport-jacket-erika,200,https://www.poshaktaranom.ir/products/linen-sport-jacket-erika,https://www.poshaktaranom.ir/products/linen-sport-jacket-erika,INDEXABLE,yes,0
https://www.poshaktaranom.ir/,انتخاب سایز,https://www.poshaktaranom.ir/products/linen-sport-jacket-erika,200,https://www.poshaktaranom.ir/products/linen-sport-jacket-erika,https://www.poshaktaranom.ir/products/linen-sport-jacket-erika,INDEXABLE,yes,0
https://www.poshaktaranom.ir/,,https://www.poshaktaranom.ir/products/bezayagh-jacket-rose,200,https://www.poshaktaranom.ir/products/bezayagh-jacket-rose,https://www.poshaktaranom.ir/products/bezayagh-jacket-rose,INDEXABLE,yes,0
https://www.poshaktaranom.ir/,انتخاب سایز,https://www.poshaktaranom.ir/products/bezayagh-jacket-rose,200,https://www.poshaktaranom.ir/products/bezayagh-jacket-rose,https://www.poshaktaranom.ir/products/bezayagh-jacket-rose,INDEXABLE,yes,0
https://www.poshaktaranom.ir/,کت بزایاق مدل رز,https://www.poshaktaranom.ir/products/bezayagh-jacket-rose,200,https://www.poshaktaranom.ir/products/bezayagh-jacket-rose,https://www.poshaktaranom.ir/products/bezayagh-jacket-rose,INDEXABLE,yes,0
https://www.poshaktaranom.ir/,انتخاب سایز,https://www.poshaktaranom.ir/products/bezayagh-jacket-rose,200,https://www.poshaktaranom.ir/products/bezayagh-jacket-rose,https://www.poshaktaranom.ir/products/bezayagh-jacket-rose,INDEXABLE,yes,0
https://www.poshaktaranom.ir/,,https://www.poshaktaranom.ir/products/cotton-vest-pants-set-nazi,200,https://www.poshaktaranom.ir/products/cotton-vest-pants-set-nazi,https://www.poshaktaranom.ir/products/cotton-vest-pants-set-nazi,INDEXABLE,yes,0
https://www.poshaktaranom.ir/,انتخاب سایز,https://www.poshaktaranom.ir/products/cotton-vest-pants-set-nazi,200,https://www.poshaktaranom.ir/products/cotton-vest-pants-set-nazi,https://www.poshaktaranom.ir/products/cotton-vest-pants-set-nazi,INDEXABLE,yes,0
https://www.poshaktaranom.ir/,وست و شلوار کتان مدل نازی,https://www.poshaktaranom.ir/products/cotton-vest-pants-set-nazi,200,https://www.poshaktaranom.ir/products/cotton-vest-pants-set-nazi,https://www.poshaktaranom.ir/products/cotton-vest-pants-set-nazi,INDEXABLE,yes,0
https://www.poshaktaranom.ir/,انتخاب سایز,https://www.poshaktaranom.ir/products/cotton-vest-pants-set-nazi,200,https://www.poshaktaranom.ir/products/cotton-vest-pants-set-nazi,https://www.poshaktaranom.ir/products/cotton-vest-pants-set-nazi,INDEXABLE,yes,0
https://www.poshaktaranom.ir/,,https://www.poshaktaranom.ir/products/jacquard-jacket-pardis,200,https://www.poshaktaranom.ir/products/jacquard-jacket-pardis,https://www.poshaktaranom.ir/products/jacquard-jacket-pardis,INDEXABLE,yes,0
https://www.poshaktaranom.ir/,انتخاب سایز,https://www.poshaktaranom.ir/products/jacquard-jacket-pardis,200,https://www.poshaktaranom.ir/products/jacquard-jacket-pardis,https://www.poshaktaranom.ir/products/jacquard-jacket-pardis,INDEXABLE,yes,0
https://www.poshaktaranom.ir/,کت ژاکارد مدل پردیس,https://www.poshaktaranom.ir/products/jacquard-jacket-pardis,200,https://www.poshaktaranom.ir/products/jacquard-jacket-pardis,https://www.poshaktaranom.ir/products/jacquard-jacket-pardis,INDEXABLE,yes,0
https://www.poshaktaranom.ir/,انتخاب سایز,https://www.poshaktaranom.ir/products/jacquard-jacket-pardis,200,https://www.poshaktaranom.ir/products/jacquard-jacket-pardis,https://www.poshaktaranom.ir/products/jacquard-jacket-pardis,INDEXABLE,yes,0
https://www.poshaktaranom.ir/,,https://www.poshaktaranom.ir/products/woolen-teddy-manteau-rasta,200,https://www.poshaktaranom.ir/products/woolen-teddy-manteau-rasta,https://www.poshaktaranom.ir/products/woolen-teddy-manteau-rasta,INDEXABLE,yes,0
https://www.poshaktaranom.ir/,انتخاب سایز,https://www.poshaktaranom.ir/products/woolen-teddy-manteau-rasta,200,https://www.poshaktaranom.ir/products/woolen-teddy-manteau-rasta,https://www.poshaktaranom.ir/products/woolen-teddy-manteau-rasta,INDEXABLE,yes,0
https://www.poshaktaranom.ir/,مانتو پشمی و تدی مدل رستا,https://www.poshaktaranom.ir/products/woolen-teddy-manteau-rasta,200,https://www.poshaktaranom.ir/products/woolen-teddy-manteau-rasta,https://www.poshaktaranom.ir/products/woolen-teddy-manteau-rasta,INDEXABLE,yes,0
https://www.poshaktaranom.ir/,انتخاب سایز,https://www.poshaktaranom.ir/products/woolen-teddy-manteau-rasta,200,https://www.poshaktaranom.ir/products/woolen-teddy-manteau-rasta,https://www.poshaktaranom.ir/products/woolen-teddy-manteau-rasta,INDEXABLE,yes,0
https://www.poshaktaranom.ir/,,https://www.poshaktaranom.ir/products/woolen-kaftan-noora,200,https://www.poshaktaranom.ir/products/woolen-kaftan-noora,https://www.poshaktaranom.ir/products/woolen-kaftan-noora,INDEXABLE,yes,0
https://www.poshaktaranom.ir/,انتخاب سایز,https://www.poshaktaranom.ir/products/woolen-kaftan-noora,200,https://www.poshaktaranom.ir/products/woolen-kaftan-noora,https://www.poshaktaranom.ir/products/woolen-kaftan-noora,INDEXABLE,yes,0
https://www.poshaktaranom.ir/,کفتان پشمی مدل نورا,https://www.poshaktaranom.ir/products/woolen-kaftan-noora,200,https://www.poshaktaranom.ir/products/woolen-kaftan-noora,https://www.poshaktaranom.ir/products/woolen-kaftan-noora,INDEXABLE,yes,0
https://www.poshaktaranom.ir/,انتخاب سایز,https://www.poshaktaranom.ir/products/woolen-kaftan-noora,200,https://www.poshaktaranom.ir/products/woolen-kaftan-noora,https://www.poshaktaranom.ir/products/woolen-kaftan-noora,INDEXABLE,yes,0
https://www.poshaktaranom.ir/,,https://www.poshaktaranom.ir/products/kapshan-bamber-65,200,https://www.poshaktaranom.ir/products/kapshan-bamber-65,https://www.poshaktaranom.ir/products/kapshan-bamber-65,INDEXABLE,yes,0
https://www.poshaktaranom.ir/,انتخاب سایز,https://www.poshaktaranom.ir/products/kapshan-bamber-65,200,https://www.poshaktaranom.ir/products/kapshan-bamber-65,https://www.poshaktaranom.ir/products/kapshan-bamber-65,INDEXABLE,yes,0
https://www.poshaktaranom.ir/,کاپشن بامبری,https://www.poshaktaranom.ir/products/kapshan-bamber-65,200,https://www.poshaktaranom.ir/products/kapshan-bamber-65,https://www.poshaktaranom.ir/products/kapshan-bamber-65,INDEXABLE,yes,0
https://www.poshaktaranom.ir/,انتخاب سایز,https://www.poshaktaranom.ir/products/kapshan-bamber-65,200,https://www.poshaktaranom.ir/products/kapshan-bamber-65,https://www.poshaktaranom.ir/products/kapshan-bamber-65,INDEXABLE,yes,0
https://www.poshaktaranom.ir/,,https://www.poshaktaranom.ir/products/linen-shirt-manteau-golrokh,200,https://www.poshaktaranom.ir/products/linen-shirt-manteau-golrokh,https://www.poshaktaranom.ir/products/linen-shirt-manteau-golrokh,INDEXABLE,yes,0
https://www.poshaktaranom.ir/,انتخاب سایز,https://www.poshaktaranom.ir/products/linen-shirt-manteau-golrokh,200,https://www.poshaktaranom.ir/products/linen-shirt-manteau-golrokh,https://www.poshaktaranom.ir/products/linen-shirt-manteau-golrokh,INDEXABLE,yes,0
https://www.poshaktaranom.ir/,مانتو شومیزی لینن مدل گلرخ,https://www.poshaktaranom.ir/products/linen-shirt-manteau-golrokh,200,https://www.poshaktaranom.ir/products/linen-shirt-manteau-golrokh,https://www.poshaktaranom.ir/products/linen-shirt-manteau-golrokh,INDEXABLE,yes,0
https://www.poshaktaranom.ir/,انتخاب سایز,https://www.poshaktaranom.ir/products/linen-shirt-manteau-golrokh,200,https://www.poshaktaranom.ir/products/linen-shirt-manteau-golrokh,https://www.poshaktaranom.ir/products/linen-shirt-manteau-golrokh,INDEXABLE,yes,0
https://www.poshaktaranom.ir/,,https://www.poshaktaranom.ir/products/linen-embroidered-manteau-nastaran,200,https://www.poshaktaranom.ir/products/linen-embroidered-manteau-nastaran,https://www.poshaktaranom.ir/products/linen-embroidered-manteau-nastaran,INDEXABLE,yes,0
https://www.poshaktaranom.ir/,انتخاب سایز,https://www.poshaktaranom.ir/products/linen-embroidered-manteau-nastaran,200,https://www.poshaktaranom.ir/products/linen-embroidered-manteau-nastaran,https://www.poshaktaranom.ir/products/linen-embroidered-manteau-nastaran,INDEXABLE,yes,0
https://www.poshaktaranom.ir/,مانتو شومیزی خامه دوزی لینن مدل نسترن,https://www.poshaktaranom.ir/products/linen-embroidered-manteau-nastaran,200,https://www.poshaktaranom.ir/products/linen-embroidered-manteau-nastaran,https://www.poshaktaranom.ir/products/linen-embroidered-manteau-nastaran,INDEXABLE,yes,0
https://www.poshaktaranom.ir/,انتخاب سایز,https://www.poshaktaranom.ir/products/linen-embroidered-manteau-nastaran,200,https://www.poshaktaranom.ir/products/linen-embroidered-manteau-nastaran,https://www.poshaktaranom.ir/products/linen-embroidered-manteau-nastaran,INDEXABLE,yes,0
https://www.poshaktaranom.ir/,,https://www.poshaktaranom.ir/products/linen-pants-arsa,200,https://www.poshaktaranom.ir/products/linen-pants-arsa,https://www.poshaktaranom.ir/products/linen-pants-arsa,INDEXABLE,yes,0
https://www.poshaktaranom.ir/,انتخاب سایز,https://www.poshaktaranom.ir/products/linen-pants-arsa,200,https://www.poshaktaranom.ir/products/linen-pants-arsa,https://www.poshaktaranom.ir/products/linen-pants-arsa,INDEXABLE,yes,0
https://www.poshaktaranom.ir/,شلوار لینن مدل آرسا,https://www.poshaktaranom.ir/products/linen-pants-arsa,200,https://www.poshaktaranom.ir/products/linen-pants-arsa,https://www.poshaktaranom.ir/products/linen-pants-arsa,INDEXABLE,yes,0
https://www.poshaktaranom.ir/,انتخاب سایز,https://www.poshaktaranom.ir/products/linen-pants-arsa,200,https://www.poshaktaranom.ir/products/linen-pants-arsa,https://www.poshaktaranom.ir/products/linen-pants-arsa,INDEXABLE,yes,0
https://www.poshaktaranom.ir/,,https://www.poshaktaranom.ir/products/linen-pants-hasty,200,https://www.poshaktaranom.ir/products/linen-pants-hasty,https://www.poshaktaranom.ir/products/linen-pants-hasty,INDEXABLE,yes,0
https://www.poshaktaranom.ir/,انتخاب سایز,https://www.poshaktaranom.ir/products/linen-pants-hasty,200,https://www.poshaktaranom.ir/products/linen-pants-hasty,https://www.poshaktaranom.ir/products/linen-pants-hasty,INDEXABLE,yes,0
https://www.poshaktaranom.ir/,شلوار لینن مدل هستی,https://www.poshaktaranom.ir/products/linen-pants-hasty,200,https://www.poshaktaranom.ir/products/linen-pants-hasty,https://www.poshaktaranom.ir/products/linen-pants-hasty,INDEXABLE,yes,0
https://www.poshaktaranom.ir/,انتخاب سایز,https://www.poshaktaranom.ir/products/linen-pants-hasty,200,https://www.poshaktaranom.ir/products/linen-pants-hasty,https://www.poshaktaranom.ir/products/linen-pants-hasty,INDEXABLE,yes,0
https://www.poshaktaranom.ir/,,https://www.poshaktaranom.ir/products/cotton-crop-jacket-aramis,200,https://www.poshaktaranom.ir/products/cotton-crop-jacket-aramis,https://www.poshaktaranom.ir/products/cotton-crop-jacket-aramis,INDEXABLE,yes,0
https://www.poshaktaranom.ir/,انتخاب سایز,https://www.poshaktaranom.ir/products/cotton-crop-jacket-aramis,200,https://www.poshaktaranom.ir/products/cotton-crop-jacket-aramis,https://www.poshaktaranom.ir/products/cotton-crop-jacket-aramis,INDEXABLE,yes,0
https://www.poshaktaranom.ir/,کت کراپ کتان مدل آرامیس,https://www.poshaktaranom.ir/products/cotton-crop-jacket-aramis,200,https://www.poshaktaranom.ir/products/cotton-crop-jacket-aramis,https://www.poshaktaranom.ir/products/cotton-crop-jacket-aramis,INDEXABLE,yes,0
https://www.poshaktaranom.ir/,انتخاب سایز,https://www.poshaktaranom.ir/products/cotton-crop-jacket-aramis,200,https://www.poshaktaranom.ir/products/cotton-crop-jacket-aramis,https://www.poshaktaranom.ir/products/cotton-crop-jacket-aramis,INDEXABLE,yes,0
https://www.poshaktaranom.ir/products,POSHAK TARANOM,https://www.poshaktaranom.ir/,200,https://www.poshaktaranom.ir/,https://www.poshaktaranom.ir,INDEXABLE,yes,0
https://www.poshaktaranom.ir/products,صفحه اصلی,https://www.poshaktaranom.ir/,200,https://www.poshaktaranom.ir/,https://www.poshaktaranom.ir,INDEXABLE,yes,0
https://www.poshaktaranom.ir/products,جدیدترین‌ها,https://www.poshaktaranom.ir/products,200,https://www.poshaktaranom.ir/products,https://www.poshaktaranom.ir/products,INDEXABLE,yes,0
https://www.poshaktaranom.ir/products,کلکسیون,https://www.poshaktaranom.ir/collections,200,https://www.poshaktaranom.ir/collections,https://www.poshaktaranom.ir/collections,INDEXABLE,yes,0
https://www.poshaktaranom.ir/products,وبلاگ,https://www.poshaktaranom.ir/blog,200,https://www.poshaktaranom.ir/blog,https://www.poshaktaranom.ir/blog,INDEXABLE,yes,0
https://www.poshaktaranom.ir/products,درباره ما,https://www.poshaktaranom.ir/about,200,https://www.poshaktaranom.ir/about,https://www.poshaktaranom.ir/about,INDEXABLE,yes,0
https://www.poshaktaranom.ir/products,تماس با ما,https://www.poshaktaranom.ir/contact,200,https://www.poshaktaranom.ir/contact,https://www.poshaktaranom.ir/contact,INDEXABLE,yes,0
https://www.poshaktaranom.ir/products,,https://www.poshaktaranom.ir/products,200,https://www.poshaktaranom.ir/products,https://www.poshaktaranom.ir/products,INDEXABLE,yes,0
https://www.poshaktaranom.ir/products,,https://www.poshaktaranom.ir/account,200,https://www.poshaktaranom.ir/account,,NOINDEX,yes,0
https://www.poshaktaranom.ir/products,جدیدترین‌ها,https://www.poshaktaranom.ir/products,200,https://www.poshaktaranom.ir/products,https://www.poshaktaranom.ir/products,INDEXABLE,yes,0
https://www.poshaktaranom.ir/products,کلکسیون‌ها,https://www.poshaktaranom.ir/collections,200,https://www.poshaktaranom.ir/collections,https://www.poshaktaranom.ir/collections,INDEXABLE,yes,0
https://www.poshaktaranom.ir/products,مانتو,https://www.poshaktaranom.ir/products,200,https://www.poshaktaranom.ir/products,https://www.poshaktaranom.ir/products,INDEXABLE,yes,0
https://www.poshaktaranom.ir/products,ارسال,https://www.poshaktaranom.ir/shipping,200,https://www.poshaktaranom.ir/shipping,https://www.poshaktaranom.ir/shipping,INDEXABLE,yes,0
https://www.poshaktaranom.ir/products,مرجوعی و تعویض,https://www.poshaktaranom.ir/returns,200,https://www.poshaktaranom.ir/returns,https://www.poshaktaranom.ir/returns,INDEXABLE,yes,0
https://www.poshaktaranom.ir/products,حساب کاربری,https://www.poshaktaranom.ir/account,200,https://www.poshaktaranom.ir/account,,NOINDEX,yes,0
https://www.poshaktaranom.ir/products,درباره ما,https://www.poshaktaranom.ir/about,200,https://www.poshaktaranom.ir/about,https://www.poshaktaranom.ir/about,INDEXABLE,yes,0
https://www.poshaktaranom.ir/products,تماس,https://www.poshaktaranom.ir/contact,200,https://www.poshaktaranom.ir/contact,https://www.poshaktaranom.ir/contact,INDEXABLE,yes,0
https://www.poshaktaranom.ir/products,خرید عمده,https://poshaktaranom.com/,200,https://poshaktaranom.com/,https://poshaktaranom.com,INDEXABLE,yes,0
https://www.poshaktaranom.ir/products,,https://trustseal.enamad.ir/?id=539366&amp;Code=30taf181eKxgXBhkF6gHyal9VAyjyXT1,,,,UNKNOWN,no,
https://www.poshaktaranom.ir/products,,https://www.poshaktaranom.ir/products/linen-sport-jacket-erika,200,https://www.poshaktaranom.ir/products/linen-sport-jacket-erika,https://www.poshaktaranom.ir/products/linen-sport-jacket-erika,INDEXABLE,yes,0
https://www.poshaktaranom.ir/products,انتخاب سایز,https://www.poshaktaranom.ir/products/linen-sport-jacket-erika,200,https://www.poshaktaranom.ir/products/linen-sport-jacket-erika,https://www.poshaktaranom.ir/products/linen-sport-jacket-erika,INDEXABLE,yes,0
https://www.poshaktaranom.ir/products,کت اسپرت لینن مدل اریکا,https://www.poshaktaranom.ir/products/linen-sport-jacket-erika,200,https://www.poshaktaranom.ir/products/linen-sport-jacket-erika,https://www.poshaktaranom.ir/products/linen-sport-jacket-erika,INDEXABLE,yes,0
https://www.poshaktaranom.ir/products,,https://www.poshaktaranom.ir/products/bezayagh-jacket-rose,200,https://www.poshaktaranom.ir/products/bezayagh-jacket-rose,https://www.poshaktaranom.ir/products/bezayagh-jacket-rose,INDEXABLE,yes,0
https://www.poshaktaranom.ir/products,انتخاب سایز,https://www.poshaktaranom.ir/products/bezayagh-jacket-rose,200,https://www.poshaktaranom.ir/products/bezayagh-jacket-rose,https://www.poshaktaranom.ir/products/bezayagh-jacket-rose,INDEXABLE,yes,0
https://www.poshaktaranom.ir/products,کت بزایاق مدل رز,https://www.poshaktaranom.ir/products/bezayagh-jacket-rose,200,https://www.poshaktaranom.ir/products/bezayagh-jacket-rose,https://www.poshaktaranom.ir/products/bezayagh-jacket-rose,INDEXABLE,yes,0
https://www.poshaktaranom.ir/products,,https://www.poshaktaranom.ir/products/cotton-vest-pants-set-nazi,200,https://www.poshaktaranom.ir/products/cotton-vest-pants-set-nazi,https://www.poshaktaranom.ir/products/cotton-vest-pants-set-nazi,INDEXABLE,yes,0
https://www.poshaktaranom.ir/products,انتخاب سایز,https://www.poshaktaranom.ir/products/cotton-vest-pants-set-nazi,200,https://www.poshaktaranom.ir/products/cotton-vest-pants-set-nazi,https://www.poshaktaranom.ir/products/cotton-vest-pants-set-nazi,INDEXABLE,yes,0
https://www.poshaktaranom.ir/products,وست و شلوار کتان مدل نازی,https://www.poshaktaranom.ir/products/cotton-vest-pants-set-nazi,200,https://www.poshaktaranom.ir/products/cotton-vest-pants-set-nazi,https://www.poshaktaranom.ir/products/cotton-vest-pants-set-nazi,INDEXABLE,yes,0
https://www.poshaktaranom.ir/products,,https://www.poshaktaranom.ir/products/jacquard-jacket-pardis,200,https://www.poshaktaranom.ir/products/jacquard-jacket-pardis,https://www.poshaktaranom.ir/products/jacquard-jacket-pardis,INDEXABLE,yes,0
https://www.poshaktaranom.ir/products,انتخاب سایز,https://www.poshaktaranom.ir/products/jacquard-jacket-pardis,200,https://www.poshaktaranom.ir/products/jacquard-jacket-pardis,https://www.poshaktaranom.ir/products/jacquard-jacket-pardis,INDEXABLE,yes,0
https://www.poshaktaranom.ir/products,کت ژاکارد مدل پردیس,https://www.poshaktaranom.ir/products/jacquard-jacket-pardis,200,https://www.poshaktaranom.ir/products/jacquard-jacket-pardis,https://www.poshaktaranom.ir/products/jacquard-jacket-pardis,INDEXABLE,yes,0
https://www.poshaktaranom.ir/products,,https://www.poshaktaranom.ir/products/woolen-teddy-manteau-rasta,200,https://www.poshaktaranom.ir/products/woolen-teddy-manteau-rasta,https://www.poshaktaranom.ir/products/woolen-teddy-manteau-rasta,INDEXABLE,yes,0
https://www.poshaktaranom.ir/products,انتخاب سایز,https://www.poshaktaranom.ir/products/woolen-teddy-manteau-rasta,200,https://www.poshaktaranom.ir/products/woolen-teddy-manteau-rasta,https://www.poshaktaranom.ir/products/woolen-teddy-manteau-rasta,INDEXABLE,yes,0
https://www.poshaktaranom.ir/products,مانتو پشمی و تدی مدل رستا,https://www.poshaktaranom.ir/products/woolen-teddy-manteau-rasta,200,https://www.poshaktaranom.ir/products/woolen-teddy-manteau-rasta,https://www.poshaktaranom.ir/products/woolen-teddy-manteau-rasta,INDEXABLE,yes,0
https://www.poshaktaranom.ir/products,,https://www.poshaktaranom.ir/products/woolen-kaftan-noora,200,https://www.poshaktaranom.ir/products/woolen-kaftan-noora,https://www.poshaktaranom.ir/products/woolen-kaftan-noora,INDEXABLE,yes,0
https://www.poshaktaranom.ir/products,انتخاب سایز,https://www.poshaktaranom.ir/products/woolen-kaftan-noora,200,https://www.poshaktaranom.ir/products/woolen-kaftan-noora,https://www.poshaktaranom.ir/products/woolen-kaftan-noora,INDEXABLE,yes,0
https://www.poshaktaranom.ir/products,کفتان پشمی مدل نورا,https://www.poshaktaranom.ir/products/woolen-kaftan-noora,200,https://www.poshaktaranom.ir/products/woolen-kaftan-noora,https://www.poshaktaranom.ir/products/woolen-kaftan-noora,INDEXABLE,yes,0
https://www.poshaktaranom.ir/products,,https://www.poshaktaranom.ir/products/kapshan-bamber-65,200,https://www.poshaktaranom.ir/products/kapshan-bamber-65,https://www.poshaktaranom.ir/products/kapshan-bamber-65,INDEXABLE,yes,0
https://www.poshaktaranom.ir/products,انتخاب سایز,https://www.poshaktaranom.ir/products/kapshan-bamber-65,200,https://www.poshaktaranom.ir/products/kapshan-bamber-65,https://www.poshaktaranom.ir/products/kapshan-bamber-65,INDEXABLE,yes,0
https://www.poshaktaranom.ir/products,کاپشن بامبری,https://www.poshaktaranom.ir/products/kapshan-bamber-65,200,https://www.poshaktaranom.ir/products/kapshan-bamber-65,https://www.poshaktaranom.ir/products/kapshan-bamber-65,INDEXABLE,yes,0
https://www.poshaktaranom.ir/products,,https://www.poshaktaranom.ir/products/linen-shirt-manteau-golrokh,200,https://www.poshaktaranom.ir/products/linen-shirt-manteau-golrokh,https://www.poshaktaranom.ir/products/linen-shirt-manteau-golrokh,INDEXABLE,yes,0
https://www.poshaktaranom.ir/products,انتخاب سایز,https://www.poshaktaranom.ir/products/linen-shirt-manteau-golrokh,200,https://www.poshaktaranom.ir/products/linen-shirt-manteau-golrokh,https://www.poshaktaranom.ir/products/linen-shirt-manteau-golrokh,INDEXABLE,yes,0
https://www.poshaktaranom.ir/products,مانتو شومیزی لینن مدل گلرخ,https://www.poshaktaranom.ir/products/linen-shirt-manteau-golrokh,200,https://www.poshaktaranom.ir/products/linen-shirt-manteau-golrokh,https://www.poshaktaranom.ir/products/linen-shirt-manteau-golrokh,INDEXABLE,yes,0
https://www.poshaktaranom.ir/products,,https://www.poshaktaranom.ir/products/linen-embroidered-manteau-nastaran,200,https://www.poshaktaranom.ir/products/linen-embroidered-manteau-nastaran,https://www.poshaktaranom.ir/products/linen-embroidered-manteau-nastaran,INDEXABLE,yes,0
https://www.poshaktaranom.ir/products,انتخاب سایز,https://www.poshaktaranom.ir/products/linen-embroidered-manteau-nastaran,200,https://www.poshaktaranom.ir/products/linen-embroidered-manteau-nastaran,https://www.poshaktaranom.ir/products/linen-embroidered-manteau-nastaran,INDEXABLE,yes,0
https://www.poshaktaranom.ir/products,مانتو شومیزی خامه دوزی لینن مدل نسترن,https://www.poshaktaranom.ir/products/linen-embroidered-manteau-nastaran,200,https://www.poshaktaranom.ir/products/linen-embroidered-manteau-nastaran,https://www.poshaktaranom.ir/products/linen-embroidered-manteau-nastaran,INDEXABLE,yes,0
https://www.poshaktaranom.ir/products,,https://www.poshaktaranom.ir/products/linen-pants-arsa,200,https://www.poshaktaranom.ir/products/linen-pants-arsa,https://www.poshaktaranom.ir/products/linen-pants-arsa,INDEXABLE,yes,0
https://www.poshaktaranom.ir/products,انتخاب سایز,https://www.poshaktaranom.ir/products/linen-pants-arsa,200,https://www.poshaktaranom.ir/products/linen-pants-arsa,https://www.poshaktaranom.ir/products/linen-pants-arsa,INDEXABLE,yes,0
https://www.poshaktaranom.ir/products,شلوار لینن مدل آرسا,https://www.poshaktaranom.ir/products/linen-pants-arsa,200,https://www.poshaktaranom.ir/products/linen-pants-arsa,https://www.poshaktaranom.ir/products/linen-pants-arsa,INDEXABLE,yes,0
https://www.poshaktaranom.ir/products,,https://www.poshaktaranom.ir/products/linen-pants-hasty,200,https://www.poshaktaranom.ir/products/linen-pants-hasty,https://www.poshaktaranom.ir/products/linen-pants-hasty,INDEXABLE,yes,0
https://www.poshaktaranom.ir/products,انتخاب سایز,https://www.poshaktaranom.ir/products/linen-pants-hasty,200,https://www.poshaktaranom.ir/products/linen-pants-hasty,https://www.poshaktaranom.ir/products/linen-pants-hasty,INDEXABLE,yes,0
https://www.poshaktaranom.ir/products,شلوار لینن مدل هستی,https://www.poshaktaranom.ir/products/linen-pants-hasty,200,https://www.poshaktaranom.ir/products/linen-pants-hasty,https://www.poshaktaranom.ir/products/linen-pants-hasty,INDEXABLE,yes,0
https://www.poshaktaranom.ir/products,,https://www.poshaktaranom.ir/products/cotton-crop-jacket-aramis,200,https://www.poshaktaranom.ir/products/cotton-crop-jacket-aramis,https://www.poshaktaranom.ir/products/cotton-crop-jacket-aramis,INDEXABLE,yes,0
https://www.poshaktaranom.ir/products,انتخاب سایز,https://www.poshaktaranom.ir/products/cotton-crop-jacket-aramis,200,https://www.poshaktaranom.ir/products/cotton-crop-jacket-aramis,https://www.poshaktaranom.ir/products/cotton-crop-jacket-aramis,INDEXABLE,yes,0
https://www.poshaktaranom.ir/products,کت کراپ کتان مدل آرامیس,https://www.poshaktaranom.ir/products/cotton-crop-jacket-aramis,200,https://www.poshaktaranom.ir/products/cotton-crop-jacket-aramis,https://www.poshaktaranom.ir/products/cotton-crop-jacket-aramis,INDEXABLE,yes,0
https://www.poshaktaranom.ir/products,,https://www.poshaktaranom.ir/products/coats00011,200,https://www.poshaktaranom.ir/products/coats00011,https://www.poshaktaranom.ir/products/coats00011,INDEXABLE,yes,0
https://www.poshaktaranom.ir/products,انتخاب سایز,https://www.poshaktaranom.ir/products/coats00011,200,https://www.poshaktaranom.ir/products/coats00011,https://www.poshaktaranom.ir/products/coats00011,INDEXABLE,yes,0
https://www.poshaktaranom.ir/products,کت شنل مدل پریما,https://www.poshaktaranom.ir/products/coats00011,200,https://www.poshaktaranom.ir/products/coats00011,https://www.poshaktaranom.ir/products/coats00011,INDEXABLE,yes,0
https://www.poshaktaranom.ir/products,,https://www.poshaktaranom.ir/products/cotton-tracksuit-set-tara,200,https://www.poshaktaranom.ir/products/cotton-tracksuit-set-tara,https://www.poshaktaranom.ir/products/cotton-tracksuit-set-tara,INDEXABLE,yes,0
https://www.poshaktaranom.ir/products,انتخاب سایز,https://www.poshaktaranom.ir/products/cotton-tracksuit-set-tara,200,https://www.poshaktaranom.ir/products/cotton-tracksuit-set-tara,https://www.poshaktaranom.ir/products/cotton-tracksuit-set-tara,INDEXABLE,yes,0
https://www.poshaktaranom.ir/products,سوئیشرت و شلوار دورس مدل تارا,https://www.poshaktaranom.ir/products/cotton-tracksuit-set-tara,200,https://www.poshaktaranom.ir/products/cotton-tracksuit-set-tara,https://www.poshaktaranom.ir/products/cotton-tracksuit-set-tara,INDEXABLE,yes,0
https://www.poshaktaranom.ir/products,,https://www.poshaktaranom.ir/products/teddy-hoodie-sweatshirt-good,200,https://www.poshaktaranom.ir/products/teddy-hoodie-sweatshirt-good,https://www.poshaktaranom.ir/products/teddy-hoodie-sweatshirt-good,INDEXABLE,yes,0
https://www.poshaktaranom.ir/products,انتخاب سایز,https://www.poshaktaranom.ir/products/teddy-hoodie-sweatshirt-good,200,https://www.poshaktaranom.ir/products/teddy-hoodie-sweatshirt-good,https://www.poshaktaranom.ir/products/teddy-hoodie-sweatshirt-good,INDEXABLE,yes,0
https://www.poshaktaranom.ir/products,سوئیشرت تدی کلاهدار مدل گود,https://www.poshaktaranom.ir/products/teddy-hoodie-sweatshirt-good,200,https://www.poshaktaranom.ir/products/teddy-hoodie-sweatshirt-good,https://www.poshaktaranom.ir/products/teddy-hoodie-sweatshirt-good,INDEXABLE,yes,0
https://www.poshaktaranom.ir/products,,https://www.poshaktaranom.ir/products/patterned-french-terry-shirt,200,https://www.poshaktaranom.ir/products/patterned-french-terry-shirt,https://www.poshaktaranom.ir/products/patterned-french-terry-shirt,INDEXABLE,yes,0
https://www.poshaktaranom.ir/products,انتخاب سایز,https://www.poshaktaranom.ir/products/patterned-french-terry-shirt,200,https://www.poshaktaranom.ir/products/patterned-french-terry-shirt,https://www.poshaktaranom.ir/products/patterned-french-terry-shirt,INDEXABLE,yes,0
https://www.poshaktaranom.ir/products,شکت فوتر طرحدار,https://www.poshaktaranom.ir/products/patterned-french-terry-shirt,200,https://www.poshaktaranom.ir/products/patterned-french-terry-shirt,https://www.poshaktaranom.ir/products/patterned-french-terry-shirt,INDEXABLE,yes,0
https://www.poshaktaranom.ir/products,,https://www.poshaktaranom.ir/products/woolen-coat-maral,200,https://www.poshaktaranom.ir/products/woolen-coat-maral,https://www.poshaktaranom.ir/products/woolen-coat-maral,INDEXABLE,yes,0
https://www.poshaktaranom.ir/products,انتخاب سایز,https://www.poshaktaranom.ir/products/woolen-coat-maral,200,https://www.poshaktaranom.ir/products/woolen-coat-maral,https://www.poshaktaranom.ir/products/woolen-coat-maral,INDEXABLE,yes,0
https://www.poshaktaranom.ir/products,پالتو پشمی مدل مارال,https://www.poshaktaranom.ir/products/woolen-coat-maral,200,https://www.poshaktaranom.ir/products/woolen-coat-maral,https://www.poshaktaranom.ir/products/woolen-coat-maral,INDEXABLE,yes,0
https://www.poshaktaranom.ir/products,,https://www.poshaktaranom.ir/products/footer-coat-arka,200,https://www.poshaktaranom.ir/products/footer-coat-arka,https://www.poshaktaranom.ir/products/footer-coat-arka,INDEXABLE,yes,0
https://www.poshaktaranom.ir/products,انتخاب سایز,https://www.poshaktaranom.ir/products/footer-coat-arka,200,https://www.poshaktaranom.ir/products/footer-coat-arka,https://www.poshaktaranom.ir/products/footer-coat-arka,INDEXABLE,yes,0
https://www.poshaktaranom.ir/products,کت فوتر مدل آرکا,https://www.poshaktaranom.ir/products/footer-coat-arka,200,https://www.poshaktaranom.ir/products/footer-coat-arka,https://www.poshaktaranom.ir/products/footer-coat-arka,INDEXABLE,yes,0
https://www.poshaktaranom.ir/products,,https://www.poshaktaranom.ir/products/chenille-coat-negin,200,https://www.poshaktaranom.ir/products/chenille-coat-negin,https://www.poshaktaranom.ir/products/chenille-coat-negin,INDEXABLE,yes,0
https://www.poshaktaranom.ir/products,انتخاب سایز,https://www.poshaktaranom.ir/products/chenille-coat-negin,200,https://www.poshaktaranom.ir/products/chenille-coat-negin,https://www.poshaktaranom.ir/products/chenille-coat-negin,INDEXABLE,yes,0
https://www.poshaktaranom.ir/products,کت شنل مدل نگین,https://www.poshaktaranom.ir/products/chenille-coat-negin,200,https://www.poshaktaranom.ir/products/chenille-coat-negin,https://www.poshaktaranom.ir/products/chenille-coat-negin,INDEXABLE,yes,0
https://www.poshaktaranom.ir/products,,https://www.poshaktaranom.ir/products/lyocell-jacket-jacqueline,200,https://www.poshaktaranom.ir/products/lyocell-jacket-jacqueline,https://www.poshaktaranom.ir/products/lyocell-jacket-jacqueline,INDEXABLE,yes,0
https://www.poshaktaranom.ir/products,انتخاب سایز,https://www.poshaktaranom.ir/products/lyocell-jacket-jacqueline,200,https://www.poshaktaranom.ir/products/lyocell-jacket-jacqueline,https://www.poshaktaranom.ir/products/lyocell-jacket-jacqueline,INDEXABLE,yes,0
https://www.poshaktaranom.ir/products,کت لایوسل مدل ژاکلین,https://www.poshaktaranom.ir/products/lyocell-jacket-jacqueline,200,https://www.poshaktaranom.ir/products/lyocell-jacket-jacqueline,https://www.poshaktaranom.ir/products/lyocell-jacket-jacqueline,INDEXABLE,yes,0
https://www.poshaktaranom.ir/products,,https://www.poshaktaranom.ir/products/memory-lined-raincoat-110,200,https://www.poshaktaranom.ir/products/memory-lined-raincoat-110,https://www.poshaktaranom.ir/products/memory-lined-raincoat-110,INDEXABLE,yes,0
https://www.poshaktaranom.ir/products,انتخاب سایز,https://www.poshaktaranom.ir/products/memory-lined-raincoat-110,200,https://www.poshaktaranom.ir/products/memory-lined-raincoat-110,https://www.poshaktaranom.ir/products/memory-lined-raincoat-110,INDEXABLE,yes,0
https://www.poshaktaranom.ir/products,بارونی مموری آستردار قد 110 (رنگ ترکیبی),https://www.poshaktaranom.ir/products/memory-lined-raincoat-110,200,https://www.poshaktaranom.ir/products/memory-lined-raincoat-110,https://www.poshaktaranom.ir/products/memory-lined-raincoat-110,INDEXABLE,yes,0
https://www.poshaktaranom.ir/products,,https://www.poshaktaranom.ir/products/woolen-overcoat-athena,200,https://www.poshaktaranom.ir/products/woolen-overcoat-athena,https://www.poshaktaranom.ir/products/woolen-overcoat-athena,INDEXABLE,yes,0
https://www.poshaktaranom.ir/products,انتخاب سایز,https://www.poshaktaranom.ir/products/woolen-overcoat-athena,200,https://www.poshaktaranom.ir/products/woolen-overcoat-athena,https://www.poshaktaranom.ir/products/woolen-overcoat-athena,INDEXABLE,yes,0
https://www.poshaktaranom.ir/products,اورکت پشمی مدل آتنا,https://www.poshaktaranom.ir/products/woolen-overcoat-athena,200,https://www.poshaktaranom.ir/products/woolen-overcoat-athena,https://www.poshaktaranom.ir/products/woolen-overcoat-athena,INDEXABLE,yes,0
https://www.poshaktaranom.ir/products,,https://www.poshaktaranom.ir/products/chenille-coat-mahour,200,https://www.poshaktaranom.ir/products/chenille-coat-mahour,https://www.poshaktaranom.ir/products/chenille-coat-mahour,INDEXABLE,yes,0
https://www.poshaktaranom.ir/products,انتخاب سایز,https://www.poshaktaranom.ir/products/chenille-coat-mahour,200,https://www.poshaktaranom.ir/products/chenille-coat-mahour,https://www.poshaktaranom.ir/products/chenille-coat-mahour,INDEXABLE,yes,0
https://www.poshaktaranom.ir/products,کت شنل مدل ماهور,https://www.poshaktaranom.ir/products/chenille-coat-mahour,200,https://www.poshaktaranom.ir/products/chenille-coat-mahour,https://www.poshaktaranom.ir/products/chenille-coat-mahour,INDEXABLE,yes,0
https://www.poshaktaranom.ir/products,,https://www.poshaktaranom.ir/products/tetoron-basic-shirt-sahar,200,https://www.poshaktaranom.ir/products/tetoron-basic-shirt-sahar,https://www.poshaktaranom.ir/products/tetoron-basic-shirt-sahar,INDEXABLE,yes,0
https://www.poshaktaranom.ir/products,انتخاب سایز,https://www.poshaktaranom.ir/products/tetoron-basic-shirt-sahar,200,https://www.poshaktaranom.ir/products/tetoron-basic-shirt-sahar,https://www.poshaktaranom.ir/products/tetoron-basic-shirt-sahar,INDEXABLE,yes,0
https://www.poshaktaranom.ir/products,پیراهن بیسیک تترون مدل سحر,https://www.poshaktaranom.ir/products/tetoron-basic-shirt-sahar,200,https://www.poshaktaranom.ir/products/tetoron-basic-shirt-sahar,https://www.poshaktaranom.ir/products/tetoron-basic-shirt-sahar,INDEXABLE,yes,0
https://www.poshaktaranom.ir/products,صفحه بعد,https://www.poshaktaranom.ir/products?page=2,200,https://www.poshaktaranom.ir/products?page=2,https://www.poshaktaranom.ir/products,NOINDEX,yes,0
https://www.poshaktaranom.ir/products?page=2,POSHAK TARANOM,https://www.poshaktaranom.ir/,200,https://www.poshaktaranom.ir/,https://www.poshaktaranom.ir,INDEXABLE,yes,0
https://www.poshaktaranom.ir/products?page=2,صفحه اصلی,https://www.poshaktaranom.ir/,200,https://www.poshaktaranom.ir/,https://www.poshaktaranom.ir,INDEXABLE,yes,0
https://www.poshaktaranom.ir/products?page=2,جدیدترین‌ها,https://www.poshaktaranom.ir/products,200,https://www.poshaktaranom.ir/products,https://www.poshaktaranom.ir/products,INDEXABLE,yes,0
https://www.poshaktaranom.ir/products?page=2,کلکسیون,https://www.poshaktaranom.ir/collections,200,https://www.poshaktaranom.ir/collections,https://www.poshaktaranom.ir/collections,INDEXABLE,yes,0
https://www.poshaktaranom.ir/products?page=2,وبلاگ,https://www.poshaktaranom.ir/blog,200,https://www.poshaktaranom.ir/blog,https://www.poshaktaranom.ir/blog,INDEXABLE,yes,0
https://www.poshaktaranom.ir/products?page=2,درباره ما,https://www.poshaktaranom.ir/about,200,https://www.poshaktaranom.ir/about,https://www.poshaktaranom.ir/about,INDEXABLE,yes,0
https://www.poshaktaranom.ir/products?page=2,تماس با ما,https://www.poshaktaranom.ir/contact,200,https://www.poshaktaranom.ir/contact,https://www.poshaktaranom.ir/contact,INDEXABLE,yes,0
https://www.poshaktaranom.ir/products?page=2,,https://www.poshaktaranom.ir/products,200,https://www.poshaktaranom.ir/products,https://www.poshaktaranom.ir/products,INDEXABLE,yes,0
https://www.poshaktaranom.ir/products?page=2,,https://www.poshaktaranom.ir/account,200,https://www.poshaktaranom.ir/account,,NOINDEX,yes,0
https://www.poshaktaranom.ir/products?page=2,جدیدترین‌ها,https://www.poshaktaranom.ir/products,200,https://www.poshaktaranom.ir/products,https://www.poshaktaranom.ir/products,INDEXABLE,yes,0
https://www.poshaktaranom.ir/products?page=2,کلکسیون‌ها,https://www.poshaktaranom.ir/collections,200,https://www.poshaktaranom.ir/collections,https://www.poshaktaranom.ir/collections,INDEXABLE,yes,0
https://www.poshaktaranom.ir/products?page=2,مانتو,https://www.poshaktaranom.ir/products,200,https://www.poshaktaranom.ir/products,https://www.poshaktaranom.ir/products,INDEXABLE,yes,0
https://www.poshaktaranom.ir/products?page=2,ارسال,https://www.poshaktaranom.ir/shipping,200,https://www.poshaktaranom.ir/shipping,https://www.poshaktaranom.ir/shipping,INDEXABLE,yes,0
https://www.poshaktaranom.ir/products?page=2,مرجوعی و تعویض,https://www.poshaktaranom.ir/returns,200,https://www.poshaktaranom.ir/returns,https://www.poshaktaranom.ir/returns,INDEXABLE,yes,0
https://www.poshaktaranom.ir/products?page=2,حساب کاربری,https://www.poshaktaranom.ir/account,200,https://www.poshaktaranom.ir/account,,NOINDEX,yes,0
https://www.poshaktaranom.ir/products?page=2,درباره ما,https://www.poshaktaranom.ir/about,200,https://www.poshaktaranom.ir/about,https://www.poshaktaranom.ir/about,INDEXABLE,yes,0
https://www.poshaktaranom.ir/products?page=2,تماس,https://www.poshaktaranom.ir/contact,200,https://www.poshaktaranom.ir/contact,https://www.poshaktaranom.ir/contact,INDEXABLE,yes,0
https://www.poshaktaranom.ir/products?page=2,خرید عمده,https://poshaktaranom.com/,200,https://poshaktaranom.com/,https://poshaktaranom.com,INDEXABLE,yes,0
https://www.poshaktaranom.ir/products?page=2,,https://trustseal.enamad.ir/?id=539366&amp;Code=30taf181eKxgXBhkF6gHyal9VAyjyXT1,,,,UNKNOWN,no,
https://www.poshaktaranom.ir/products?page=2,,https://www.poshaktaranom.ir/products/wool-coat-katayoun,200,https://www.poshaktaranom.ir/products/wool-coat-katayoun,https://www.poshaktaranom.ir/products/wool-coat-katayoun,INDEXABLE,yes,0
https://www.poshaktaranom.ir/products?page=2,انتخاب سایز,https://www.poshaktaranom.ir/products/wool-coat-katayoun,200,https://www.poshaktaranom.ir/products/wool-coat-katayoun,https://www.poshaktaranom.ir/products/wool-coat-katayoun,INDEXABLE,yes,0
https://www.poshaktaranom.ir/products?page=2,کت پشمی آسترکشی مدل کتایون,https://www.poshaktaranom.ir/products/wool-coat-katayoun,200,https://www.poshaktaranom.ir/products/wool-coat-katayoun,https://www.poshaktaranom.ir/products/wool-coat-katayoun,INDEXABLE,yes,0
https://www.poshaktaranom.ir/products?page=2,,https://www.poshaktaranom.ir/products/footer-coat-dalia,200,https://www.poshaktaranom.ir/products/footer-coat-dalia,https://www.poshaktaranom.ir/products/footer-coat-dalia,INDEXABLE,yes,0
https://www.poshaktaranom.ir/products?page=2,انتخاب سایز,https://www.poshaktaranom.ir/products/footer-coat-dalia,200,https://www.poshaktaranom.ir/products/footer-coat-dalia,https://www.poshaktaranom.ir/products/footer-coat-dalia,INDEXABLE,yes,0
https://www.poshaktaranom.ir/products?page=2,کت فوتر مدل دالیا,https://www.poshaktaranom.ir/products/footer-coat-dalia,200,https://www.poshaktaranom.ir/products/footer-coat-dalia,https://www.poshaktaranom.ir/products/footer-coat-dalia,INDEXABLE,yes,0
https://www.poshaktaranom.ir/products?page=2,,https://www.poshaktaranom.ir/products/waterproof-memory-raincoat-110,200,https://www.poshaktaranom.ir/products/waterproof-memory-raincoat-110,https://www.poshaktaranom.ir/products/waterproof-memory-raincoat-110,INDEXABLE,yes,0
https://www.poshaktaranom.ir/products?page=2,انتخاب سایز,https://www.poshaktaranom.ir/products/waterproof-memory-raincoat-110,200,https://www.poshaktaranom.ir/products/waterproof-memory-raincoat-110,https://www.poshaktaranom.ir/products/waterproof-memory-raincoat-110,INDEXABLE,yes,0
https://www.poshaktaranom.ir/products?page=2,بارونی مموری آستردار قد 110,https://www.poshaktaranom.ir/products/waterproof-memory-raincoat-110,200,https://www.poshaktaranom.ir/products/waterproof-memory-raincoat-110,https://www.poshaktaranom.ir/products/waterproof-memory-raincoat-110,INDEXABLE,yes,0
https://www.poshaktaranom.ir/products?page=2,,https://www.poshaktaranom.ir/products/maserati-pants-mahin,200,https://www.poshaktaranom.ir/products/maserati-pants-mahin,https://www.poshaktaranom.ir/products/maserati-pants-mahin,INDEXABLE,yes,0
https://www.poshaktaranom.ir/products?page=2,انتخاب سایز,https://www.poshaktaranom.ir/products/maserati-pants-mahin,200,https://www.poshaktaranom.ir/products/maserati-pants-mahin,https://www.poshaktaranom.ir/products/maserati-pants-mahin,INDEXABLE,yes,0
https://www.poshaktaranom.ir/products?page=2,شلوار مازراتی مدل ماهین,https://www.poshaktaranom.ir/products/maserati-pants-mahin,200,https://www.poshaktaranom.ir/products/maserati-pants-mahin,https://www.poshaktaranom.ir/products/maserati-pants-mahin,INDEXABLE,yes,0
https://www.poshaktaranom.ir/products?page=2,,https://www.poshaktaranom.ir/products/crushed-footer-coat-tiara,200,https://www.poshaktaranom.ir/products/crushed-footer-coat-tiara,https://www.poshaktaranom.ir/products/crushed-footer-coat-tiara,INDEXABLE,yes,0
https://www.poshaktaranom.ir/products?page=2,انتخاب سایز,https://www.poshaktaranom.ir/products/crushed-footer-coat-tiara,200,https://www.poshaktaranom.ir/products/crushed-footer-coat-tiara,https://www.poshaktaranom.ir/products/crushed-footer-coat-tiara,INDEXABLE,yes,0
https://www.poshaktaranom.ir/products?page=2,کت فوتر کوبیده مدل تیارا,https://www.poshaktaranom.ir/products/crushed-footer-coat-tiara,200,https://www.poshaktaranom.ir/products/crushed-footer-coat-tiara,https://www.poshaktaranom.ir/products/crushed-footer-coat-tiara,INDEXABLE,yes,0
https://www.poshaktaranom.ir/products?page=2,,https://www.poshaktaranom.ir/products/lined-memory-raincoat-80,200,https://www.poshaktaranom.ir/products/lined-memory-raincoat-80,https://www.poshaktaranom.ir/products/lined-memory-raincoat-80,INDEXABLE,yes,0
https://www.poshaktaranom.ir/products?page=2,انتخاب سایز,https://www.poshaktaranom.ir/products/lined-memory-raincoat-80,200,https://www.poshaktaranom.ir/products/lined-memory-raincoat-80,https://www.poshaktaranom.ir/products/lined-memory-raincoat-80,INDEXABLE,yes,0
https://www.poshaktaranom.ir/products?page=2,بارونی مموری آستردار قد 80 (رنگ ترکیبی),https://www.poshaktaranom.ir/products/lined-memory-raincoat-80,200,https://www.poshaktaranom.ir/products/lined-memory-raincoat-80,https://www.poshaktaranom.ir/products/lined-memory-raincoat-80,INDEXABLE,yes,0
https://www.poshaktaranom.ir/products?page=2,,https://www.poshaktaranom.ir/products/solid-memory-raincoat-80,200,https://www.poshaktaranom.ir/products/solid-memory-raincoat-80,https://www.poshaktaranom.ir/products/solid-memory-raincoat-80,INDEXABLE,yes,0
https://www.poshaktaranom.ir/products?page=2,انتخاب سایز,https://www.poshaktaranom.ir/products/solid-memory-raincoat-80,200,https://www.poshaktaranom.ir/products/solid-memory-raincoat-80,https://www.poshaktaranom.ir/products/solid-memory-raincoat-80,INDEXABLE,yes,0
https://www.poshaktaranom.ir/products?page=2,بارونی مموری آستردار قد 80,https://www.poshaktaranom.ir/products/solid-memory-raincoat-80,200,https://www.poshaktaranom.ir/products/solid-memory-raincoat-80,https://www.poshaktaranom.ir/products/solid-memory-raincoat-80,INDEXABLE,yes,0
https://www.poshaktaranom.ir/products?page=2,تصویر به‌زودی,https://www.poshaktaranom.ir/products/coats00007,200,https://www.poshaktaranom.ir/products/coats00007,https://www.poshaktaranom.ir/products/coats00007,INDEXABLE,yes,0
https://www.poshaktaranom.ir/products?page=2,مشاهده جزئیات,https://www.poshaktaranom.ir/products/coats00007,200,https://www.poshaktaranom.ir/products/coats00007,https://www.poshaktaranom.ir/products/coats00007,INDEXABLE,yes,0
https://www.poshaktaranom.ir/products?page=2,کت داخل خز کتان مدل بهرخ,https://www.poshaktaranom.ir/products/coats00007,200,https://www.poshaktaranom.ir/products/coats00007,https://www.poshaktaranom.ir/products/coats00007,INDEXABLE,yes,0
https://www.poshaktaranom.ir/products?page=2,مشاهده جزئیات,https://www.poshaktaranom.ir/products/coats00007,200,https://www.poshaktaranom.ir/products/coats00007,https://www.poshaktaranom.ir/products/coats00007,INDEXABLE,yes,0
https://www.poshaktaranom.ir/products?page=2,,https://www.poshaktaranom.ir/products/lyocell-baggy-pants-jacqueline,200,https://www.poshaktaranom.ir/products/lyocell-baggy-pants-jacqueline,https://www.poshaktaranom.ir/products/lyocell-baggy-pants-jacqueline,INDEXABLE,yes,0
https://www.poshaktaranom.ir/products?page=2,انتخاب سایز,https://www.poshaktaranom.ir/products/lyocell-baggy-pants-jacqueline,200,https://www.poshaktaranom.ir/products/lyocell-baggy-pants-jacqueline,https://www.poshaktaranom.ir/products/lyocell-baggy-pants-jacqueline,INDEXABLE,yes,0
https://www.poshaktaranom.ir/products?page=2,شلوار بگ لایوسل مدل ژاکلین,https://www.poshaktaranom.ir/products/lyocell-baggy-pants-jacqueline,200,https://www.poshaktaranom.ir/products/lyocell-baggy-pants-jacqueline,https://www.poshaktaranom.ir/products/lyocell-baggy-pants-jacqueline,INDEXABLE,yes,0
https://www.poshaktaranom.ir/products?page=2,,https://www.poshaktaranom.ir/products/cotton-overcoat-laleh,200,https://www.poshaktaranom.ir/products/cotton-overcoat-laleh,https://www.poshaktaranom.ir/products/cotton-overcoat-laleh,INDEXABLE,yes,0
https://www.poshaktaranom.ir/products?page=2,انتخاب سایز,https://www.poshaktaranom.ir/products/cotton-overcoat-laleh,200,https://www.poshaktaranom.ir/products/cotton-overcoat-laleh,https://www.poshaktaranom.ir/products/cotton-overcoat-laleh,INDEXABLE,yes,0
https://www.poshaktaranom.ir/products?page=2,اورکت کتان مدل لاله,https://www.poshaktaranom.ir/products/cotton-overcoat-laleh,200,https://www.poshaktaranom.ir/products/cotton-overcoat-laleh,https://www.poshaktaranom.ir/products/cotton-overcoat-laleh,INDEXABLE,yes,0
https://www.poshaktaranom.ir/products?page=2,,https://www.poshaktaranom.ir/products/cotton-twill-jacket-kian,200,https://www.poshaktaranom.ir/products/cotton-twill-jacket-kian,https://www.poshaktaranom.ir/products/cotton-twill-jacket-kian,INDEXABLE,yes,0
https://www.poshaktaranom.ir/products?page=2,انتخاب سایز,https://www.poshaktaranom.ir/products/cotton-twill-jacket-kian,200,https://www.poshaktaranom.ir/products/cotton-twill-jacket-kian,https://www.poshaktaranom.ir/products/cotton-twill-jacket-kian,INDEXABLE,yes,0
https://www.poshaktaranom.ir/products?page=2,کت کتان کجراه مدل کیان,https://www.poshaktaranom.ir/products/cotton-twill-jacket-kian,200,https://www.poshaktaranom.ir/products/cotton-twill-jacket-kian,https://www.poshaktaranom.ir/products/cotton-twill-jacket-kian,INDEXABLE,yes,0
https://www.poshaktaranom.ir/products?page=2,,https://www.poshaktaranom.ir/products/cotton-twill-jacket-alice,200,https://www.poshaktaranom.ir/products/cotton-twill-jacket-alice,https://www.poshaktaranom.ir/products/cotton-twill-jacket-alice,INDEXABLE,yes,0
https://www.poshaktaranom.ir/products?page=2,انتخاب سایز,https://www.poshaktaranom.ir/products/cotton-twill-jacket-alice,200,https://www.poshaktaranom.ir/products/cotton-twill-jacket-alice,https://www.poshaktaranom.ir/products/cotton-twill-jacket-alice,INDEXABLE,yes,0
https://www.poshaktaranom.ir/products?page=2,کت کتان کجراه مدل آلیس,https://www.poshaktaranom.ir/products/cotton-twill-jacket-alice,200,https://www.poshaktaranom.ir/products/cotton-twill-jacket-alice,https://www.poshaktaranom.ir/products/cotton-twill-jacket-alice,INDEXABLE,yes,0
https://www.poshaktaranom.ir/products?page=2,,https://www.poshaktaranom.ir/products/cotton-twill-manteau-mahan,200,https://www.poshaktaranom.ir/products/cotton-twill-manteau-mahan,https://www.poshaktaranom.ir/products/cotton-twill-manteau-mahan,INDEXABLE,yes,0
https://www.poshaktaranom.ir/products?page=2,انتخاب سایز,https://www.poshaktaranom.ir/products/cotton-twill-manteau-mahan,200,https://www.poshaktaranom.ir/products/cotton-twill-manteau-mahan,https://www.poshaktaranom.ir/products/cotton-twill-manteau-mahan,INDEXABLE,yes,0
https://www.poshaktaranom.ir/products?page=2,مانتو کتی کتان مدل ماهان,https://www.poshaktaranom.ir/products/cotton-twill-manteau-mahan,200,https://www.poshaktaranom.ir/products/cotton-twill-manteau-mahan,https://www.poshaktaranom.ir/products/cotton-twill-manteau-mahan,INDEXABLE,yes,0
https://www.poshaktaranom.ir/products?page=2,,https://www.poshaktaranom.ir/products/cotton-twill-bomber-jacket-ghazal,200,https://www.poshaktaranom.ir/products/cotton-twill-bomber-jacket-ghazal,https://www.poshaktaranom.ir/products/cotton-twill-bomber-jacket-ghazal,INDEXABLE,yes,0
https://www.poshaktaranom.ir/products?page=2,انتخاب سایز,https://www.poshaktaranom.ir/products/cotton-twill-bomber-jacket-ghazal,200,https://www.poshaktaranom.ir/products/cotton-twill-bomber-jacket-ghazal,https://www.poshaktaranom.ir/products/cotton-twill-bomber-jacket-ghazal,INDEXABLE,yes,0
https://www.poshaktaranom.ir/products?page=2,کت بامبری کتان کجراه مدل غزل,https://www.poshaktaranom.ir/products/cotton-twill-bomber-jacket-ghazal,200,https://www.poshaktaranom.ir/products/cotton-twill-bomber-jacket-ghazal,https://www.poshaktaranom.ir/products/cotton-twill-bomber-jacket-ghazal,INDEXABLE,yes,0
https://www.poshaktaranom.ir/products?page=2,,https://www.poshaktaranom.ir/products/cotton-twill-sport-jacket-dorsa,200,https://www.poshaktaranom.ir/products/cotton-twill-sport-jacket-dorsa,https://www.poshaktaranom.ir/products/cotton-twill-sport-jacket-dorsa,INDEXABLE,yes,0
https://www.poshaktaranom.ir/products?page=2,انتخاب سایز,https://www.poshaktaranom.ir/products/cotton-twill-sport-jacket-dorsa,200,https://www.poshaktaranom.ir/products/cotton-twill-sport-jacket-dorsa,https://www.poshaktaranom.ir/products/cotton-twill-sport-jacket-dorsa,INDEXABLE,yes,0
https://www.poshaktaranom.ir/products?page=2,کت اسپرت کتان کجراه مدل درسا,https://www.poshaktaranom.ir/products/cotton-twill-sport-jacket-dorsa,200,https://www.poshaktaranom.ir/products/cotton-twill-sport-jacket-dorsa,https://www.poshaktaranom.ir/products/cotton-twill-sport-jacket-dorsa,INDEXABLE,yes,0
https://www.poshaktaranom.ir/products?page=2,,https://www.poshaktaranom.ir/products/cotton-twill-skirt-suit-tanin,200,https://www.poshaktaranom.ir/products/cotton-twill-skirt-suit-tanin,https://www.poshaktaranom.ir/products/cotton-twill-skirt-suit-tanin,INDEXABLE,yes,0
https://www.poshaktaranom.ir/products?page=2,انتخاب سایز,https://www.poshaktaranom.ir/products/cotton-twill-skirt-suit-tanin,200,https://www.poshaktaranom.ir/products/cotton-twill-skirt-suit-tanin,https://www.poshaktaranom.ir/products/cotton-twill-skirt-suit-tanin,INDEXABLE,yes,0
https://www.poshaktaranom.ir/products?page=2,ست کت و دامن کتان کجراه مدل طنین,https://www.poshaktaranom.ir/products/cotton-twill-skirt-suit-tanin,200,https://www.poshaktaranom.ir/products/cotton-twill-skirt-suit-tanin,https://www.poshaktaranom.ir/products/cotton-twill-skirt-suit-tanin,INDEXABLE,yes,0
https://www.poshaktaranom.ir/products?page=2,,https://www.poshaktaranom.ir/products/mom-style-cotton-pants,200,https://www.poshaktaranom.ir/products/mom-style-cotton-pants,https://www.poshaktaranom.ir/products/mom-style-cotton-pants,INDEXABLE,yes,0
https://www.poshaktaranom.ir/products?page=2,انتخاب سایز,https://www.poshaktaranom.ir/products/mom-style-cotton-pants,200,https://www.poshaktaranom.ir/products/mom-style-cotton-pants,https://www.poshaktaranom.ir/products/mom-style-cotton-pants,INDEXABLE,yes,0
https://www.poshaktaranom.ir/products?page=2,شلوار کتان مام استایل کجراه,https://www.poshaktaranom.ir/products/mom-style-cotton-pants,200,https://www.poshaktaranom.ir/products/mom-style-cotton-pants,https://www.poshaktaranom.ir/products/mom-style-cotton-pants,INDEXABLE,yes,0
https://www.poshaktaranom.ir/products?page=2,,https://www.poshaktaranom.ir/products/linen-shirt-manteau-sarinaz,200,https://www.poshaktaranom.ir/products/linen-shirt-manteau-sarinaz,https://www.poshaktaranom.ir/products/linen-shirt-manteau-sarinaz,INDEXABLE,yes,0
https://www.poshaktaranom.ir/products?page=2,انتخاب سایز,https://www.poshaktaranom.ir/products/linen-shirt-manteau-sarinaz,200,https://www.poshaktaranom.ir/products/linen-shirt-manteau-sarinaz,https://www.poshaktaranom.ir/products/linen-shirt-manteau-sarinaz,INDEXABLE,yes,0
https://www.poshaktaranom.ir/products?page=2,مانتو شومیزی لینن مدل ساریناز,https://www.poshaktaranom.ir/products/linen-shirt-manteau-sarinaz,200,https://www.poshaktaranom.ir/products/linen-shirt-manteau-sarinaz,https://www.poshaktaranom.ir/products/linen-shirt-manteau-sarinaz,INDEXABLE,yes,0
https://www.poshaktaranom.ir/products?page=2,,https://www.poshaktaranom.ir/products/linen-shirt-manteau-minoo,200,https://www.poshaktaranom.ir/products/linen-shirt-manteau-minoo,https://www.poshaktaranom.ir/products/linen-shirt-manteau-minoo,INDEXABLE,yes,0
https://www.poshaktaranom.ir/products?page=2,انتخاب سایز,https://www.poshaktaranom.ir/products/linen-shirt-manteau-minoo,200,https://www.poshaktaranom.ir/products/linen-shirt-manteau-minoo,https://www.poshaktaranom.ir/products/linen-shirt-manteau-minoo,INDEXABLE,yes,0
https://www.poshaktaranom.ir/products?page=2,مانتو شومیزی لینن مدل مینو,https://www.poshaktaranom.ir/products/linen-shirt-manteau-minoo,200,https://www.poshaktaranom.ir/products/linen-shirt-manteau-minoo,https://www.poshaktaranom.ir/products/linen-shirt-manteau-minoo,INDEXABLE,yes,0
https://www.poshaktaranom.ir/products?page=2,,https://www.poshaktaranom.ir/products/linen-pants-neda,200,https://www.poshaktaranom.ir/products/linen-pants-neda,https://www.poshaktaranom.ir/products/linen-pants-neda,INDEXABLE,yes,0
https://www.poshaktaranom.ir/products?page=2,انتخاب سایز,https://www.poshaktaranom.ir/products/linen-pants-neda,200,https://www.poshaktaranom.ir/products/linen-pants-neda,https://www.poshaktaranom.ir/products/linen-pants-neda,INDEXABLE,yes,0
https://www.poshaktaranom.ir/products?page=2,شلوار لینن مدل ندا,https://www.poshaktaranom.ir/products/linen-pants-neda,200,https://www.poshaktaranom.ir/products/linen-pants-neda,https://www.poshaktaranom.ir/products/linen-pants-neda,INDEXABLE,yes,0
https://www.poshaktaranom.ir/products?page=2,,https://www.poshaktaranom.ir/products/linen-shirt-manteau-barana,200,https://www.poshaktaranom.ir/products/linen-shirt-manteau-barana,https://www.poshaktaranom.ir/products/linen-shirt-manteau-barana,INDEXABLE,yes,0
https://www.poshaktaranom.ir/products?page=2,انتخاب سایز,https://www.poshaktaranom.ir/products/linen-shirt-manteau-barana,200,https://www.poshaktaranom.ir/products/linen-shirt-manteau-barana,https://www.poshaktaranom.ir/products/linen-shirt-manteau-barana,INDEXABLE,yes,0
https://www.poshaktaranom.ir/products?page=2,مانتو شومیزی لینن مدل بارانا,https://www.poshaktaranom.ir/products/linen-shirt-manteau-barana,200,https://www.poshaktaranom.ir/products/linen-shirt-manteau-barana,https://www.poshaktaranom.ir/products/linen-shirt-manteau-barana,INDEXABLE,yes,0
https://www.poshaktaranom.ir/products?page=2,,https://www.poshaktaranom.ir/products/linen-shirt-manteau-niki,200,https://www.poshaktaranom.ir/products/linen-shirt-manteau-niki,https://www.poshaktaranom.ir/products/linen-shirt-manteau-niki,INDEXABLE,yes,0
https://www.poshaktaranom.ir/products?page=2,انتخاب سایز,https://www.poshaktaranom.ir/products/linen-shirt-manteau-niki,200,https://www.poshaktaranom.ir/products/linen-shirt-manteau-niki,https://www.poshaktaranom.ir/products/linen-shirt-manteau-niki,INDEXABLE,yes,0
https://www.poshaktaranom.ir/products?page=2,مانتو شومیزی لینن مدل نیکی,https://www.poshaktaranom.ir/products/linen-shirt-manteau-niki,200,https://www.poshaktaranom.ir/products/linen-shirt-manteau-niki,https://www.poshaktaranom.ir/products/linen-shirt-manteau-niki,INDEXABLE,yes,0
https://www.poshaktaranom.ir/products?page=2,,https://www.poshaktaranom.ir/products/blouses00009,200,https://www.poshaktaranom.ir/products/blouses00009,https://www.poshaktaranom.ir/products/blouses00009,INDEXABLE,yes,0
https://www.poshaktaranom.ir/products?page=2,انتخاب سایز,https://www.poshaktaranom.ir/products/blouses00009,200,https://www.poshaktaranom.ir/products/blouses00009,https://www.poshaktaranom.ir/products/blouses00009,INDEXABLE,yes,0
https://www.poshaktaranom.ir/products?page=2,مانتو شومیزی لینن مدل دلین,https://www.poshaktaranom.ir/products/blouses00009,200,https://www.poshaktaranom.ir/products/blouses00009,https://www.poshaktaranom.ir/products/blouses00009,INDEXABLE,yes,0
https://www.poshaktaranom.ir/products?page=2,,https://www.poshaktaranom.ir/products/linen-vest-skirt-set-baran,200,https://www.poshaktaranom.ir/products/linen-vest-skirt-set-baran,https://www.poshaktaranom.ir/products/linen-vest-skirt-set-baran,INDEXABLE,yes,0
https://www.poshaktaranom.ir/products?page=2,انتخاب سایز,https://www.poshaktaranom.ir/products/linen-vest-skirt-set-baran,200,https://www.poshaktaranom.ir/products/linen-vest-skirt-set-baran,https://www.poshaktaranom.ir/products/linen-vest-skirt-set-baran,INDEXABLE,yes,0
https://www.poshaktaranom.ir/products?page=2,ست وست و دامن لینن مدل باران,https://www.poshaktaranom.ir/products/linen-vest-skirt-set-baran,200,https://www.poshaktaranom.ir/products/linen-vest-skirt-set-baran,https://www.poshaktaranom.ir/products/linen-vest-skirt-set-baran,INDEXABLE,yes,0
https://www.poshaktaranom.ir/products?page=2,صفحه قبل,https://www.poshaktaranom.ir/products,200,https://www.poshaktaranom.ir/products,https://www.poshaktaranom.ir/products,INDEXABLE,yes,0
https://www.poshaktaranom.ir/products?page=2,صفحه بعد,https://www.poshaktaranom.ir/products?page=3,200,https://www.poshaktaranom.ir/products?page=3,https://www.poshaktaranom.ir/products,NOINDEX,yes,0
https://www.poshaktaranom.ir/products?sort=price,POSHAK TARANOM,https://www.poshaktaranom.ir/,200,https://www.poshaktaranom.ir/,https://www.poshaktaranom.ir,INDEXABLE,yes,0
https://www.poshaktaranom.ir/products?sort=price,صفحه اصلی,https://www.poshaktaranom.ir/,200,https://www.poshaktaranom.ir/,https://www.poshaktaranom.ir,INDEXABLE,yes,0
https://www.poshaktaranom.ir/products?sort=price,جدیدترین‌ها,https://www.poshaktaranom.ir/products,200,https://www.poshaktaranom.ir/products,https://www.poshaktaranom.ir/products,INDEXABLE,yes,0
https://www.poshaktaranom.ir/products?sort=price,کلکسیون,https://www.poshaktaranom.ir/collections,200,https://www.poshaktaranom.ir/collections,https://www.poshaktaranom.ir/collections,INDEXABLE,yes,0
https://www.poshaktaranom.ir/products?sort=price,وبلاگ,https://www.poshaktaranom.ir/blog,200,https://www.poshaktaranom.ir/blog,https://www.poshaktaranom.ir/blog,INDEXABLE,yes,0
https://www.poshaktaranom.ir/products?sort=price,درباره ما,https://www.poshaktaranom.ir/about,200,https://www.poshaktaranom.ir/about,https://www.poshaktaranom.ir/about,INDEXABLE,yes,0
https://www.poshaktaranom.ir/products?sort=price,تماس با ما,https://www.poshaktaranom.ir/contact,200,https://www.poshaktaranom.ir/contact,https://www.poshaktaranom.ir/contact,INDEXABLE,yes,0
https://www.poshaktaranom.ir/products?sort=price,,https://www.poshaktaranom.ir/products,200,https://www.poshaktaranom.ir/products,https://www.poshaktaranom.ir/products,INDEXABLE,yes,0
https://www.poshaktaranom.ir/products?sort=price,,https://www.poshaktaranom.ir/account,200,https://www.poshaktaranom.ir/account,,NOINDEX,yes,0
https://www.poshaktaranom.ir/products?sort=price,جدیدترین‌ها,https://www.poshaktaranom.ir/products,200,https://www.poshaktaranom.ir/products,https://www.poshaktaranom.ir/products,INDEXABLE,yes,0
https://www.poshaktaranom.ir/products?sort=price,کلکسیون‌ها,https://www.poshaktaranom.ir/collections,200,https://www.poshaktaranom.ir/collections,https://www.poshaktaranom.ir/collections,INDEXABLE,yes,0
https://www.poshaktaranom.ir/products?sort=price,مانتو,https://www.poshaktaranom.ir/products,200,https://www.poshaktaranom.ir/products,https://www.poshaktaranom.ir/products,INDEXABLE,yes,0
https://www.poshaktaranom.ir/products?sort=price,ارسال,https://www.poshaktaranom.ir/shipping,200,https://www.poshaktaranom.ir/shipping,https://www.poshaktaranom.ir/shipping,INDEXABLE,yes,0
https://www.poshaktaranom.ir/products?sort=price,مرجوعی و تعویض,https://www.poshaktaranom.ir/returns,200,https://www.poshaktaranom.ir/returns,https://www.poshaktaranom.ir/returns,INDEXABLE,yes,0
https://www.poshaktaranom.ir/products?sort=price,حساب کاربری,https://www.poshaktaranom.ir/account,200,https://www.poshaktaranom.ir/account,,NOINDEX,yes,0
https://www.poshaktaranom.ir/products?sort=price,درباره ما,https://www.poshaktaranom.ir/about,200,https://www.poshaktaranom.ir/about,https://www.poshaktaranom.ir/about,INDEXABLE,yes,0
https://www.poshaktaranom.ir/products?sort=price,تماس,https://www.poshaktaranom.ir/contact,200,https://www.poshaktaranom.ir/contact,https://www.poshaktaranom.ir/contact,INDEXABLE,yes,0
https://www.poshaktaranom.ir/products?sort=price,خرید عمده,https://poshaktaranom.com/,200,https://poshaktaranom.com/,https://poshaktaranom.com,INDEXABLE,yes,0
https://www.poshaktaranom.ir/products?sort=price,,https://trustseal.enamad.ir/?id=539366&amp;Code=30taf181eKxgXBhkF6gHyal9VAyjyXT1,,,,UNKNOWN,no,
https://www.poshaktaranom.ir/products?q=%D9%85%D8%A7%D9%86%D8%AA%D9%88,POSHAK TARANOM,https://www.poshaktaranom.ir/,200,https://www.poshaktaranom.ir/,https://www.poshaktaranom.ir,INDEXABLE,yes,0
https://www.poshaktaranom.ir/products?q=%D9%85%D8%A7%D9%86%D8%AA%D9%88,صفحه اصلی,https://www.poshaktaranom.ir/,200,https://www.poshaktaranom.ir/,https://www.poshaktaranom.ir,INDEXABLE,yes,0
https://www.poshaktaranom.ir/products?q=%D9%85%D8%A7%D9%86%D8%AA%D9%88,جدیدترین‌ها,https://www.poshaktaranom.ir/products,200,https://www.poshaktaranom.ir/products,https://www.poshaktaranom.ir/products,INDEXABLE,yes,0
https://www.poshaktaranom.ir/products?q=%D9%85%D8%A7%D9%86%D8%AA%D9%88,کلکسیون,https://www.poshaktaranom.ir/collections,200,https://www.poshaktaranom.ir/collections,https://www.poshaktaranom.ir/collections,INDEXABLE,yes,0
https://www.poshaktaranom.ir/products?q=%D9%85%D8%A7%D9%86%D8%AA%D9%88,وبلاگ,https://www.poshaktaranom.ir/blog,200,https://www.poshaktaranom.ir/blog,https://www.poshaktaranom.ir/blog,INDEXABLE,yes,0
https://www.poshaktaranom.ir/products?q=%D9%85%D8%A7%D9%86%D8%AA%D9%88,درباره ما,https://www.poshaktaranom.ir/about,200,https://www.poshaktaranom.ir/about,https://www.poshaktaranom.ir/about,INDEXABLE,yes,0
https://www.poshaktaranom.ir/products?q=%D9%85%D8%A7%D9%86%D8%AA%D9%88,تماس با ما,https://www.poshaktaranom.ir/contact,200,https://www.poshaktaranom.ir/contact,https://www.poshaktaranom.ir/contact,INDEXABLE,yes,0
https://www.poshaktaranom.ir/products?q=%D9%85%D8%A7%D9%86%D8%AA%D9%88,,https://www.poshaktaranom.ir/products,200,https://www.poshaktaranom.ir/products,https://www.poshaktaranom.ir/products,INDEXABLE,yes,0
https://www.poshaktaranom.ir/products?q=%D9%85%D8%A7%D9%86%D8%AA%D9%88,,https://www.poshaktaranom.ir/account,200,https://www.poshaktaranom.ir/account,,NOINDEX,yes,0
https://www.poshaktaranom.ir/products?q=%D9%85%D8%A7%D9%86%D8%AA%D9%88,جدیدترین‌ها,https://www.poshaktaranom.ir/products,200,https://www.poshaktaranom.ir/products,https://www.poshaktaranom.ir/products,INDEXABLE,yes,0
https://www.poshaktaranom.ir/products?q=%D9%85%D8%A7%D9%86%D8%AA%D9%88,کلکسیون‌ها,https://www.poshaktaranom.ir/collections,200,https://www.poshaktaranom.ir/collections,https://www.poshaktaranom.ir/collections,INDEXABLE,yes,0
https://www.poshaktaranom.ir/products?q=%D9%85%D8%A7%D9%86%D8%AA%D9%88,مانتو,https://www.poshaktaranom.ir/products,200,https://www.poshaktaranom.ir/products,https://www.poshaktaranom.ir/products,INDEXABLE,yes,0
https://www.poshaktaranom.ir/products?q=%D9%85%D8%A7%D9%86%D8%AA%D9%88,ارسال,https://www.poshaktaranom.ir/shipping,200,https://www.poshaktaranom.ir/shipping,https://www.poshaktaranom.ir/shipping,INDEXABLE,yes,0
https://www.poshaktaranom.ir/products?q=%D9%85%D8%A7%D9%86%D8%AA%D9%88,مرجوعی و تعویض,https://www.poshaktaranom.ir/returns,200,https://www.poshaktaranom.ir/returns,https://www.poshaktaranom.ir/returns,INDEXABLE,yes,0
https://www.poshaktaranom.ir/products?q=%D9%85%D8%A7%D9%86%D8%AA%D9%88,حساب کاربری,https://www.poshaktaranom.ir/account,200,https://www.poshaktaranom.ir/account,,NOINDEX,yes,0
https://www.poshaktaranom.ir/products?q=%D9%85%D8%A7%D9%86%D8%AA%D9%88,درباره ما,https://www.poshaktaranom.ir/about,200,https://www.poshaktaranom.ir/about,https://www.poshaktaranom.ir/about,INDEXABLE,yes,0
https://www.poshaktaranom.ir/products?q=%D9%85%D8%A7%D9%86%D8%AA%D9%88,تماس,https://www.poshaktaranom.ir/contact,200,https://www.poshaktaranom.ir/contact,https://www.poshaktaranom.ir/contact,INDEXABLE,yes,0
https://www.poshaktaranom.ir/products?q=%D9%85%D8%A7%D9%86%D8%AA%D9%88,خرید عمده,https://poshaktaranom.com/,200,https://poshaktaranom.com/,https://poshaktaranom.com,INDEXABLE,yes,0
https://www.poshaktaranom.ir/products?q=%D9%85%D8%A7%D9%86%D8%AA%D9%88,,https://trustseal.enamad.ir/?id=539366&amp;Code=30taf181eKxgXBhkF6gHyal9VAyjyXT1,,,,UNKNOWN,no,
https://www.poshaktaranom.ir/category/shomiz,POSHAK TARANOM,https://www.poshaktaranom.ir/,200,https://www.poshaktaranom.ir/,https://www.poshaktaranom.ir,INDEXABLE,yes,0
https://www.poshaktaranom.ir/category/shomiz,صفحه اصلی,https://www.poshaktaranom.ir/,200,https://www.poshaktaranom.ir/,https://www.poshaktaranom.ir,INDEXABLE,yes,0
https://www.poshaktaranom.ir/category/shomiz,جدیدترین‌ها,https://www.poshaktaranom.ir/products,200,https://www.poshaktaranom.ir/products,https://www.poshaktaranom.ir/products,INDEXABLE,yes,0
https://www.poshaktaranom.ir/category/shomiz,کلکسیون,https://www.poshaktaranom.ir/collections,200,https://www.poshaktaranom.ir/collections,https://www.poshaktaranom.ir/collections,INDEXABLE,yes,0
https://www.poshaktaranom.ir/category/shomiz,وبلاگ,https://www.poshaktaranom.ir/blog,200,https://www.poshaktaranom.ir/blog,https://www.poshaktaranom.ir/blog,INDEXABLE,yes,0
https://www.poshaktaranom.ir/category/shomiz,درباره ما,https://www.poshaktaranom.ir/about,200,https://www.poshaktaranom.ir/about,https://www.poshaktaranom.ir/about,INDEXABLE,yes,0
https://www.poshaktaranom.ir/category/shomiz,تماس با ما,https://www.poshaktaranom.ir/contact,200,https://www.poshaktaranom.ir/contact,https://www.poshaktaranom.ir/contact,INDEXABLE,yes,0
https://www.poshaktaranom.ir/category/shomiz,,https://www.poshaktaranom.ir/products,200,https://www.poshaktaranom.ir/products,https://www.poshaktaranom.ir/products,INDEXABLE,yes,0
https://www.poshaktaranom.ir/category/shomiz,,https://www.poshaktaranom.ir/account,200,https://www.poshaktaranom.ir/account,,NOINDEX,yes,0
https://www.poshaktaranom.ir/category/shomiz,جدیدترین‌ها,https://www.poshaktaranom.ir/products,200,https://www.poshaktaranom.ir/products,https://www.poshaktaranom.ir/products,INDEXABLE,yes,0
https://www.poshaktaranom.ir/category/shomiz,کلکسیون‌ها,https://www.poshaktaranom.ir/collections,200,https://www.poshaktaranom.ir/collections,https://www.poshaktaranom.ir/collections,INDEXABLE,yes,0
https://www.poshaktaranom.ir/category/shomiz,مانتو,https://www.poshaktaranom.ir/products,200,https://www.poshaktaranom.ir/products,https://www.poshaktaranom.ir/products,INDEXABLE,yes,0
https://www.poshaktaranom.ir/category/shomiz,ارسال,https://www.poshaktaranom.ir/shipping,200,https://www.poshaktaranom.ir/shipping,https://www.poshaktaranom.ir/shipping,INDEXABLE,yes,0
https://www.poshaktaranom.ir/category/shomiz,مرجوعی و تعویض,https://www.poshaktaranom.ir/returns,200,https://www.poshaktaranom.ir/returns,https://www.poshaktaranom.ir/returns,INDEXABLE,yes,0
https://www.poshaktaranom.ir/category/shomiz,حساب کاربری,https://www.poshaktaranom.ir/account,200,https://www.poshaktaranom.ir/account,,NOINDEX,yes,0
https://www.poshaktaranom.ir/category/shomiz,درباره ما,https://www.poshaktaranom.ir/about,200,https://www.poshaktaranom.ir/about,https://www.poshaktaranom.ir/about,INDEXABLE,yes,0
https://www.poshaktaranom.ir/category/shomiz,تماس,https://www.poshaktaranom.ir/contact,200,https://www.poshaktaranom.ir/contact,https://www.poshaktaranom.ir/contact,INDEXABLE,yes,0
https://www.poshaktaranom.ir/category/shomiz,خرید عمده,https://poshaktaranom.com/,200,https://poshaktaranom.com/,https://poshaktaranom.com,INDEXABLE,yes,0
https://www.poshaktaranom.ir/category/shomiz,,https://trustseal.enamad.ir/?id=539366&amp;Code=30taf181eKxgXBhkF6gHyal9VAyjyXT1,,,,UNKNOWN,no,
https://www.poshaktaranom.ir/category/shomiz,خانه,https://www.poshaktaranom.ir/,200,https://www.poshaktaranom.ir/,https://www.poshaktaranom.ir,INDEXABLE,yes,0
https://www.poshaktaranom.ir/category/shomiz,دسته‌بندی‌ها,https://www.poshaktaranom.ir/products,200,https://www.poshaktaranom.ir/products,https://www.poshaktaranom.ir/products,INDEXABLE,yes,0
https://www.poshaktaranom.ir/category/shomiz,,https://www.poshaktaranom.ir/products/linen-shirt-manteau-golrokh,200,https://www.poshaktaranom.ir/products/linen-shirt-manteau-golrokh,https://www.poshaktaranom.ir/products/linen-shirt-manteau-golrokh,INDEXABLE,yes,0
https://www.poshaktaranom.ir/category/shomiz,مشاهده جزئیات,https://www.poshaktaranom.ir/products/linen-shirt-manteau-golrokh,200,https://www.poshaktaranom.ir/products/linen-shirt-manteau-golrokh,https://www.poshaktaranom.ir/products/linen-shirt-manteau-golrokh,INDEXABLE,yes,0
https://www.poshaktaranom.ir/category/shomiz,مانتو شومیزی لینن مدل گلرخ,https://www.poshaktaranom.ir/products/linen-shirt-manteau-golrokh,200,https://www.poshaktaranom.ir/products/linen-shirt-manteau-golrokh,https://www.poshaktaranom.ir/products/linen-shirt-manteau-golrokh,INDEXABLE,yes,0
https://www.poshaktaranom.ir/category/shomiz,انتخاب سایز,https://www.poshaktaranom.ir/products/linen-shirt-manteau-golrokh,200,https://www.poshaktaranom.ir/products/linen-shirt-manteau-golrokh,https://www.poshaktaranom.ir/products/linen-shirt-manteau-golrokh,INDEXABLE,yes,0
https://www.poshaktaranom.ir/category/shomiz,,https://www.poshaktaranom.ir/products/linen-embroidered-manteau-nastaran,200,https://www.poshaktaranom.ir/products/linen-embroidered-manteau-nastaran,https://www.poshaktaranom.ir/products/linen-embroidered-manteau-nastaran,INDEXABLE,yes,0
https://www.poshaktaranom.ir/category/shomiz,مشاهده جزئیات,https://www.poshaktaranom.ir/products/linen-embroidered-manteau-nastaran,200,https://www.poshaktaranom.ir/products/linen-embroidered-manteau-nastaran,https://www.poshaktaranom.ir/products/linen-embroidered-manteau-nastaran,INDEXABLE,yes,0
https://www.poshaktaranom.ir/category/shomiz,مانتو شومیزی خامه دوزی لینن مدل نسترن,https://www.poshaktaranom.ir/products/linen-embroidered-manteau-nastaran,200,https://www.poshaktaranom.ir/products/linen-embroidered-manteau-nastaran,https://www.poshaktaranom.ir/products/linen-embroidered-manteau-nastaran,INDEXABLE,yes,0
https://www.poshaktaranom.ir/category/shomiz,انتخاب سایز,https://www.poshaktaranom.ir/products/linen-embroidered-manteau-nastaran,200,https://www.poshaktaranom.ir/products/linen-embroidered-manteau-nastaran,https://www.poshaktaranom.ir/products/linen-embroidered-manteau-nastaran,INDEXABLE,yes,0
https://www.poshaktaranom.ir/category/shomiz,,https://www.poshaktaranom.ir/products/tetoron-basic-shirt-sahar,200,https://www.poshaktaranom.ir/products/tetoron-basic-shirt-sahar,https://www.poshaktaranom.ir/products/tetoron-basic-shirt-sahar,INDEXABLE,yes,0
https://www.poshaktaranom.ir/category/shomiz,مشاهده جزئیات,https://www.poshaktaranom.ir/products/tetoron-basic-shirt-sahar,200,https://www.poshaktaranom.ir/products/tetoron-basic-shirt-sahar,https://www.poshaktaranom.ir/products/tetoron-basic-shirt-sahar,INDEXABLE,yes,0
https://www.poshaktaranom.ir/category/shomiz,پیراهن بیسیک تترون مدل سحر,https://www.poshaktaranom.ir/products/tetoron-basic-shirt-sahar,200,https://www.poshaktaranom.ir/products/tetoron-basic-shirt-sahar,https://www.poshaktaranom.ir/products/tetoron-basic-shirt-sahar,INDEXABLE,yes,0
https://www.poshaktaranom.ir/category/shomiz,انتخاب سایز,https://www.poshaktaranom.ir/products/tetoron-basic-shirt-sahar,200,https://www.poshaktaranom.ir/products/tetoron-basic-shirt-sahar,https://www.poshaktaranom.ir/products/tetoron-basic-shirt-sahar,INDEXABLE,yes,0
https://www.poshaktaranom.ir/category/shomiz,,https://www.poshaktaranom.ir/products/linen-shirt-manteau-sarinaz,200,https://www.poshaktaranom.ir/products/linen-shirt-manteau-sarinaz,https://www.poshaktaranom.ir/products/linen-shirt-manteau-sarinaz,INDEXABLE,yes,0
https://www.poshaktaranom.ir/category/shomiz,مشاهده جزئیات,https://www.poshaktaranom.ir/products/linen-shirt-manteau-sarinaz,200,https://www.poshaktaranom.ir/products/linen-shirt-manteau-sarinaz,https://www.poshaktaranom.ir/products/linen-shirt-manteau-sarinaz,INDEXABLE,yes,0
https://www.poshaktaranom.ir/category/shomiz,مانتو شومیزی لینن مدل ساریناز,https://www.poshaktaranom.ir/products/linen-shirt-manteau-sarinaz,200,https://www.poshaktaranom.ir/products/linen-shirt-manteau-sarinaz,https://www.poshaktaranom.ir/products/linen-shirt-manteau-sarinaz,INDEXABLE,yes,0
https://www.poshaktaranom.ir/category/shomiz,انتخاب سایز,https://www.poshaktaranom.ir/products/linen-shirt-manteau-sarinaz,200,https://www.poshaktaranom.ir/products/linen-shirt-manteau-sarinaz,https://www.poshaktaranom.ir/products/linen-shirt-manteau-sarinaz,INDEXABLE,yes,0
https://www.poshaktaranom.ir/category/shomiz,,https://www.poshaktaranom.ir/products/linen-shirt-manteau-minoo,200,https://www.poshaktaranom.ir/products/linen-shirt-manteau-minoo,https://www.poshaktaranom.ir/products/linen-shirt-manteau-minoo,INDEXABLE,yes,0
https://www.poshaktaranom.ir/category/shomiz,مشاهده جزئیات,https://www.poshaktaranom.ir/products/linen-shirt-manteau-minoo,200,https://www.poshaktaranom.ir/products/linen-shirt-manteau-minoo,https://www.poshaktaranom.ir/products/linen-shirt-manteau-minoo,INDEXABLE,yes,0
https://www.poshaktaranom.ir/category/shomiz,مانتو شومیزی لینن مدل مینو,https://www.poshaktaranom.ir/products/linen-shirt-manteau-minoo,200,https://www.poshaktaranom.ir/products/linen-shirt-manteau-minoo,https://www.poshaktaranom.ir/products/linen-shirt-manteau-minoo,INDEXABLE,yes,0
https://www.poshaktaranom.ir/category/shomiz,انتخاب سایز,https://www.poshaktaranom.ir/products/linen-shirt-manteau-minoo,200,https://www.poshaktaranom.ir/products/linen-shirt-manteau-minoo,https://www.poshaktaranom.ir/products/linen-shirt-manteau-minoo,INDEXABLE,yes,0
https://www.poshaktaranom.ir/category/shomiz,,https://www.poshaktaranom.ir/products/linen-shirt-manteau-barana,200,https://www.poshaktaranom.ir/products/linen-shirt-manteau-barana,https://www.poshaktaranom.ir/products/linen-shirt-manteau-barana,INDEXABLE,yes,0
https://www.poshaktaranom.ir/category/shomiz,مشاهده جزئیات,https://www.poshaktaranom.ir/products/linen-shirt-manteau-barana,200,https://www.poshaktaranom.ir/products/linen-shirt-manteau-barana,https://www.poshaktaranom.ir/products/linen-shirt-manteau-barana,INDEXABLE,yes,0
https://www.poshaktaranom.ir/category/shomiz,مانتو شومیزی لینن مدل بارانا,https://www.poshaktaranom.ir/products/linen-shirt-manteau-barana,200,https://www.poshaktaranom.ir/products/linen-shirt-manteau-barana,https://www.poshaktaranom.ir/products/linen-shirt-manteau-barana,INDEXABLE,yes,0
https://www.poshaktaranom.ir/category/shomiz,انتخاب سایز,https://www.poshaktaranom.ir/products/linen-shirt-manteau-barana,200,https://www.poshaktaranom.ir/products/linen-shirt-manteau-barana,https://www.poshaktaranom.ir/products/linen-shirt-manteau-barana,INDEXABLE,yes,0
https://www.poshaktaranom.ir/category/shomiz,,https://www.poshaktaranom.ir/products/linen-shirt-manteau-niki,200,https://www.poshaktaranom.ir/products/linen-shirt-manteau-niki,https://www.poshaktaranom.ir/products/linen-shirt-manteau-niki,INDEXABLE,yes,0
https://www.poshaktaranom.ir/category/shomiz,مشاهده جزئیات,https://www.poshaktaranom.ir/products/linen-shirt-manteau-niki,200,https://www.poshaktaranom.ir/products/linen-shirt-manteau-niki,https://www.poshaktaranom.ir/products/linen-shirt-manteau-niki,INDEXABLE,yes,0
https://www.poshaktaranom.ir/category/shomiz,مانتو شومیزی لینن مدل نیکی,https://www.poshaktaranom.ir/products/linen-shirt-manteau-niki,200,https://www.poshaktaranom.ir/products/linen-shirt-manteau-niki,https://www.poshaktaranom.ir/products/linen-shirt-manteau-niki,INDEXABLE,yes,0
https://www.poshaktaranom.ir/category/shomiz,انتخاب سایز,https://www.poshaktaranom.ir/products/linen-shirt-manteau-niki,200,https://www.poshaktaranom.ir/products/linen-shirt-manteau-niki,https://www.poshaktaranom.ir/products/linen-shirt-manteau-niki,INDEXABLE,yes,0
https://www.poshaktaranom.ir/category/shomiz,,https://www.poshaktaranom.ir/products/blouses00009,200,https://www.poshaktaranom.ir/products/blouses00009,https://www.poshaktaranom.ir/products/blouses00009,INDEXABLE,yes,0
https://www.poshaktaranom.ir/category/shomiz,مشاهده جزئیات,https://www.poshaktaranom.ir/products/blouses00009,200,https://www.poshaktaranom.ir/products/blouses00009,https://www.poshaktaranom.ir/products/blouses00009,INDEXABLE,yes,0
https://www.poshaktaranom.ir/category/shomiz,مانتو شومیزی لینن مدل دلین,https://www.poshaktaranom.ir/products/blouses00009,200,https://www.poshaktaranom.ir/products/blouses00009,https://www.poshaktaranom.ir/products/blouses00009,INDEXABLE,yes,0
https://www.poshaktaranom.ir/category/shomiz,انتخاب سایز,https://www.poshaktaranom.ir/products/blouses00009,200,https://www.poshaktaranom.ir/products/blouses00009,https://www.poshaktaranom.ir/products/blouses00009,INDEXABLE,yes,0
https://www.poshaktaranom.ir/category/shomiz,,https://www.poshaktaranom.ir/products/linen-shirt-manteau-yaghoot,200,https://www.poshaktaranom.ir/products/linen-shirt-manteau-yaghoot,https://www.poshaktaranom.ir/products/linen-shirt-manteau-yaghoot,INDEXABLE,yes,0
https://www.poshaktaranom.ir/category/shomiz,مشاهده جزئیات,https://www.poshaktaranom.ir/products/linen-shirt-manteau-yaghoot,200,https://www.poshaktaranom.ir/products/linen-shirt-manteau-yaghoot,https://www.poshaktaranom.ir/products/linen-shirt-manteau-yaghoot,INDEXABLE,yes,0
https://www.poshaktaranom.ir/category/shomiz,مانتو شومیزی لینن مدل یاقوت,https://www.poshaktaranom.ir/products/linen-shirt-manteau-yaghoot,200,https://www.poshaktaranom.ir/products/linen-shirt-manteau-yaghoot,https://www.poshaktaranom.ir/products/linen-shirt-manteau-yaghoot,INDEXABLE,yes,0
https://www.poshaktaranom.ir/category/shomiz,انتخاب سایز,https://www.poshaktaranom.ir/products/linen-shirt-manteau-yaghoot,200,https://www.poshaktaranom.ir/products/linen-shirt-manteau-yaghoot,https://www.poshaktaranom.ir/products/linen-shirt-manteau-yaghoot,INDEXABLE,yes,0
https://www.poshaktaranom.ir/category/shomiz,,https://www.poshaktaranom.ir/products/linen-heart-shirt-manteau-behgol,200,https://www.poshaktaranom.ir/products/linen-heart-shirt-manteau-behgol,https://www.poshaktaranom.ir/products/linen-heart-shirt-manteau-behgol,INDEXABLE,yes,0
https://www.poshaktaranom.ir/category/shomiz,مشاهده جزئیات,https://www.poshaktaranom.ir/products/linen-heart-shirt-manteau-behgol,200,https://www.poshaktaranom.ir/products/linen-heart-shirt-manteau-behgol,https://www.poshaktaranom.ir/products/linen-heart-shirt-manteau-behgol,INDEXABLE,yes,0
https://www.poshaktaranom.ir/category/shomiz,مانتو شومیزی لینن مدل بهگل طرح قلب,https://www.poshaktaranom.ir/products/linen-heart-shirt-manteau-behgol,200,https://www.poshaktaranom.ir/products/linen-heart-shirt-manteau-behgol,https://www.poshaktaranom.ir/products/linen-heart-shirt-manteau-behgol,INDEXABLE,yes,0
https://www.poshaktaranom.ir/category/shomiz,انتخاب سایز,https://www.poshaktaranom.ir/products/linen-heart-shirt-manteau-behgol,200,https://www.poshaktaranom.ir/products/linen-heart-shirt-manteau-behgol,https://www.poshaktaranom.ir/products/linen-heart-shirt-manteau-behgol,INDEXABLE,yes,0
https://www.poshaktaranom.ir/category/shomiz,,https://www.poshaktaranom.ir/products/linen-bow-tie-shirt-manteau-behgol,200,https://www.poshaktaranom.ir/products/linen-bow-tie-shirt-manteau-behgol,https://www.poshaktaranom.ir/products/linen-bow-tie-shirt-manteau-behgol,INDEXABLE,yes,0
https://www.poshaktaranom.ir/category/shomiz,مشاهده جزئیات,https://www.poshaktaranom.ir/products/linen-bow-tie-shirt-manteau-behgol,200,https://www.poshaktaranom.ir/products/linen-bow-tie-shirt-manteau-behgol,https://www.poshaktaranom.ir/products/linen-bow-tie-shirt-manteau-behgol,INDEXABLE,yes,0
https://www.poshaktaranom.ir/category/shomiz,مانتو شومیزی لینن مدل بهگل طرح پاپیون,https://www.poshaktaranom.ir/products/linen-bow-tie-shirt-manteau-behgol,200,https://www.poshaktaranom.ir/products/linen-bow-tie-shirt-manteau-behgol,https://www.poshaktaranom.ir/products/linen-bow-tie-shirt-manteau-behgol,INDEXABLE,yes,0
https://www.poshaktaranom.ir/category/shomiz,انتخاب سایز,https://www.poshaktaranom.ir/products/linen-bow-tie-shirt-manteau-behgol,200,https://www.poshaktaranom.ir/products/linen-bow-tie-shirt-manteau-behgol,https://www.poshaktaranom.ir/products/linen-bow-tie-shirt-manteau-behgol,INDEXABLE,yes,0
https://www.poshaktaranom.ir/category/shomiz,,https://www.poshaktaranom.ir/products/linen-butterfly-shirt-manteau-behgol,200,https://www.poshaktaranom.ir/products/linen-butterfly-shirt-manteau-behgol,https://www.poshaktaranom.ir/products/linen-butterfly-shirt-manteau-behgol,INDEXABLE,yes,0
https://www.poshaktaranom.ir/category/shomiz,مشاهده جزئیات,https://www.poshaktaranom.ir/products/linen-butterfly-shirt-manteau-behgol,200,https://www.poshaktaranom.ir/products/linen-butterfly-shirt-manteau-behgol,https://www.poshaktaranom.ir/products/linen-butterfly-shirt-manteau-behgol,INDEXABLE,yes,0
https://www.poshaktaranom.ir/category/shomiz,مانتو شومیزی لینن مدل بهگل طرح پروانه,https://www.poshaktaranom.ir/products/linen-butterfly-shirt-manteau-behgol,200,https://www.poshaktaranom.ir/products/linen-butterfly-shirt-manteau-behgol,https://www.poshaktaranom.ir/products/linen-butterfly-shirt-manteau-behgol,INDEXABLE,yes,0
https://www.poshaktaranom.ir/category/shomiz,انتخاب سایز,https://www.poshaktaranom.ir/products/linen-butterfly-shirt-manteau-behgol,200,https://www.poshaktaranom.ir/products/linen-butterfly-shirt-manteau-behgol,https://www.poshaktaranom.ir/products/linen-butterfly-shirt-manteau-behgol,INDEXABLE,yes,0
https://www.poshaktaranom.ir/category/shomiz,,https://www.poshaktaranom.ir/products/linen-shirt-manteau-tina,200,https://www.poshaktaranom.ir/products/linen-shirt-manteau-tina,https://www.poshaktaranom.ir/products/linen-shirt-manteau-tina,INDEXABLE,yes,0
https://www.poshaktaranom.ir/category/shomiz,مشاهده جزئیات,https://www.poshaktaranom.ir/products/linen-shirt-manteau-tina,200,https://www.poshaktaranom.ir/products/linen-shirt-manteau-tina,https://www.poshaktaranom.ir/products/linen-shirt-manteau-tina,INDEXABLE,yes,0
https://www.poshaktaranom.ir/category/shomiz,مانتو شومیزی لینن مدل تینا,https://www.poshaktaranom.ir/products/linen-shirt-manteau-tina,200,https://www.poshaktaranom.ir/products/linen-shirt-manteau-tina,https://www.poshaktaranom.ir/products/linen-shirt-manteau-tina,INDEXABLE,yes,0
https://www.poshaktaranom.ir/category/shomiz,انتخاب سایز,https://www.poshaktaranom.ir/products/linen-shirt-manteau-tina,200,https://www.poshaktaranom.ir/products/linen-shirt-manteau-tina,https://www.poshaktaranom.ir/products/linen-shirt-manteau-tina,INDEXABLE,yes,0
https://www.poshaktaranom.ir/category/shomiz,,https://www.poshaktaranom.ir/products/linen-shirt-manteau-zhinoos,200,https://www.poshaktaranom.ir/products/linen-shirt-manteau-zhinoos,https://www.poshaktaranom.ir/products/linen-shirt-manteau-zhinoos,INDEXABLE,yes,0
https://www.poshaktaranom.ir/category/shomiz,مشاهده جزئیات,https://www.poshaktaranom.ir/products/linen-shirt-manteau-zhinoos,200,https://www.poshaktaranom.ir/products/linen-shirt-manteau-zhinoos,https://www.poshaktaranom.ir/products/linen-shirt-manteau-zhinoos,INDEXABLE,yes,0
https://www.poshaktaranom.ir/category/shomiz,مانتو شومیزی لینن مدل ژینوس,https://www.poshaktaranom.ir/products/linen-shirt-manteau-zhinoos,200,https://www.poshaktaranom.ir/products/linen-shirt-manteau-zhinoos,https://www.poshaktaranom.ir/products/linen-shirt-manteau-zhinoos,INDEXABLE,yes,0
https://www.poshaktaranom.ir/category/shomiz,انتخاب سایز,https://www.poshaktaranom.ir/products/linen-shirt-manteau-zhinoos,200,https://www.poshaktaranom.ir/products/linen-shirt-manteau-zhinoos,https://www.poshaktaranom.ir/products/linen-shirt-manteau-zhinoos,INDEXABLE,yes,0
https://www.poshaktaranom.ir/category/shomiz,,https://www.poshaktaranom.ir/products/linen-shirt-manteau-abnous,200,https://www.poshaktaranom.ir/products/linen-shirt-manteau-abnous,https://www.poshaktaranom.ir/products/linen-shirt-manteau-abnous,INDEXABLE,yes,0
https://www.poshaktaranom.ir/category/shomiz,مشاهده جزئیات,https://www.poshaktaranom.ir/products/linen-shirt-manteau-abnous,200,https://www.poshaktaranom.ir/products/linen-shirt-manteau-abnous,https://www.poshaktaranom.ir/products/linen-shirt-manteau-abnous,INDEXABLE,yes,0
https://www.poshaktaranom.ir/category/shomiz,مانتو شومیزی لینن مدل آبنوس,https://www.poshaktaranom.ir/products/linen-shirt-manteau-abnous,200,https://www.poshaktaranom.ir/products/linen-shirt-manteau-abnous,https://www.poshaktaranom.ir/products/linen-shirt-manteau-abnous,INDEXABLE,yes,0
https://www.poshaktaranom.ir/category/shomiz,انتخاب سایز,https://www.poshaktaranom.ir/products/linen-shirt-manteau-abnous,200,https://www.poshaktaranom.ir/products/linen-shirt-manteau-abnous,https://www.poshaktaranom.ir/products/linen-shirt-manteau-abnous,INDEXABLE,yes,0
https://www.poshaktaranom.ir/category/shomiz,,https://www.poshaktaranom.ir/products/linen-shirt-manteau-nazgol,200,https://www.poshaktaranom.ir/products/linen-shirt-manteau-nazgol,https://www.poshaktaranom.ir/products/linen-shirt-manteau-nazgol,INDEXABLE,yes,0
https://www.poshaktaranom.ir/category/shomiz,مشاهده جزئیات,https://www.poshaktaranom.ir/products/linen-shirt-manteau-nazgol,200,https://www.poshaktaranom.ir/products/linen-shirt-manteau-nazgol,https://www.poshaktaranom.ir/products/linen-shirt-manteau-nazgol,INDEXABLE,yes,0
https://www.poshaktaranom.ir/category/shomiz,مانتو شومیزی لینن مدل نازگل,https://www.poshaktaranom.ir/products/linen-shirt-manteau-nazgol,200,https://www.poshaktaranom.ir/products/linen-shirt-manteau-nazgol,https://www.poshaktaranom.ir/products/linen-shirt-manteau-nazgol,INDEXABLE,yes,0
https://www.poshaktaranom.ir/category/shomiz,انتخاب سایز,https://www.poshaktaranom.ir/products/linen-shirt-manteau-nazgol,200,https://www.poshaktaranom.ir/products/linen-shirt-manteau-nazgol,https://www.poshaktaranom.ir/products/linen-shirt-manteau-nazgol,INDEXABLE,yes,0
https://www.poshaktaranom.ir/category/shomiz,winter-wear کاپشن و زمستانی,https://www.poshaktaranom.ir/category/winter-wear,200,https://www.poshaktaranom.ir/category/winter-wear,https://www.poshaktaranom.ir/category/winter-wear,INDEXABLE,yes,0
https://www.poshaktaranom.ir/category/shomiz,vests-pants وست و شلوار,https://www.poshaktaranom.ir/category/vest-pants-set,200,https://www.poshaktaranom.ir/category/vest-pants-set,https://www.poshaktaranom.ir/category/vest-pants-set,INDEXABLE,yes,0
https://www.poshaktaranom.ir/category/shomiz,vests-skirts وست و دامن,https://www.poshaktaranom.ir/category/vest-skirt-set,200,https://www.poshaktaranom.ir/category/vest-skirt-set,https://www.poshaktaranom.ir/category/vest-skirt-set,INDEXABLE,yes,0
https://www.poshaktaranom.ir/category/shomiz,skirt-suits کت و دامن,https://www.poshaktaranom.ir/category/coat-skirt-set,200,https://www.poshaktaranom.ir/category/coat-skirt-set,https://www.poshaktaranom.ir/category/coat-skirt-set,INDEXABLE,yes,0
https://www.poshaktaranom.ir/category/shomiz,pantsuits کت و شلوار,https://www.poshaktaranom.ir/category/coat-pants-set,200,https://www.poshaktaranom.ir/category/coat-pants-set,https://www.poshaktaranom.ir/category/coat-pants-set,INDEXABLE,yes,0
https://www.poshaktaranom.ir/category/shomiz,skirts دامن,https://www.poshaktaranom.ir/category/women-skirts,200,https://www.poshaktaranom.ir/category/women-skirts,https://www.poshaktaranom.ir/category/women-skirts,INDEXABLE,yes,0
https://www.poshaktaranom.ir/category/shomiz,pants شلوار,https://www.poshaktaranom.ir/category/women-pants,200,https://www.poshaktaranom.ir/category/women-pants,https://www.poshaktaranom.ir/category/women-pants,INDEXABLE,yes,0
https://www.poshaktaranom.ir/category/shomiz,kaftans کفتان,https://www.poshaktaranom.ir/category/kaftan,200,https://www.poshaktaranom.ir/category/kaftan,https://www.poshaktaranom.ir/category/kaftan,INDEXABLE,yes,0
https://www.poshaktaranom.ir/category/shomiz,coats کت,https://www.poshaktaranom.ir/category/women-coats,200,https://www.poshaktaranom.ir/category/women-coats,https://www.poshaktaranom.ir/category/women-coats,INDEXABLE,yes,0
https://www.poshaktaranom.ir/blog,POSHAK TARANOM,https://www.poshaktaranom.ir/,200,https://www.poshaktaranom.ir/,https://www.poshaktaranom.ir,INDEXABLE,yes,0
https://www.poshaktaranom.ir/blog,صفحه اصلی,https://www.poshaktaranom.ir/,200,https://www.poshaktaranom.ir/,https://www.poshaktaranom.ir,INDEXABLE,yes,0
https://www.poshaktaranom.ir/blog,جدیدترین‌ها,https://www.poshaktaranom.ir/products,200,https://www.poshaktaranom.ir/products,https://www.poshaktaranom.ir/products,INDEXABLE,yes,0
https://www.poshaktaranom.ir/blog,کلکسیون,https://www.poshaktaranom.ir/collections,200,https://www.poshaktaranom.ir/collections,https://www.poshaktaranom.ir/collections,INDEXABLE,yes,0
https://www.poshaktaranom.ir/blog,وبلاگ,https://www.poshaktaranom.ir/blog,200,https://www.poshaktaranom.ir/blog,https://www.poshaktaranom.ir/blog,INDEXABLE,yes,0
https://www.poshaktaranom.ir/blog,درباره ما,https://www.poshaktaranom.ir/about,200,https://www.poshaktaranom.ir/about,https://www.poshaktaranom.ir/about,INDEXABLE,yes,0
https://www.poshaktaranom.ir/blog,تماس با ما,https://www.poshaktaranom.ir/contact,200,https://www.poshaktaranom.ir/contact,https://www.poshaktaranom.ir/contact,INDEXABLE,yes,0
https://www.poshaktaranom.ir/blog,,https://www.poshaktaranom.ir/products,200,https://www.poshaktaranom.ir/products,https://www.poshaktaranom.ir/products,INDEXABLE,yes,0
https://www.poshaktaranom.ir/blog,,https://www.poshaktaranom.ir/account,200,https://www.poshaktaranom.ir/account,,NOINDEX,yes,0
https://www.poshaktaranom.ir/blog,جدیدترین‌ها,https://www.poshaktaranom.ir/products,200,https://www.poshaktaranom.ir/products,https://www.poshaktaranom.ir/products,INDEXABLE,yes,0
https://www.poshaktaranom.ir/blog,کلکسیون‌ها,https://www.poshaktaranom.ir/collections,200,https://www.poshaktaranom.ir/collections,https://www.poshaktaranom.ir/collections,INDEXABLE,yes,0
https://www.poshaktaranom.ir/blog,مانتو,https://www.poshaktaranom.ir/products,200,https://www.poshaktaranom.ir/products,https://www.poshaktaranom.ir/products,INDEXABLE,yes,0
https://www.poshaktaranom.ir/blog,ارسال,https://www.poshaktaranom.ir/shipping,200,https://www.poshaktaranom.ir/shipping,https://www.poshaktaranom.ir/shipping,INDEXABLE,yes,0
https://www.poshaktaranom.ir/blog,مرجوعی و تعویض,https://www.poshaktaranom.ir/returns,200,https://www.poshaktaranom.ir/returns,https://www.poshaktaranom.ir/returns,INDEXABLE,yes,0
https://www.poshaktaranom.ir/blog,حساب کاربری,https://www.poshaktaranom.ir/account,200,https://www.poshaktaranom.ir/account,,NOINDEX,yes,0
https://www.poshaktaranom.ir/blog,درباره ما,https://www.poshaktaranom.ir/about,200,https://www.poshaktaranom.ir/about,https://www.poshaktaranom.ir/about,INDEXABLE,yes,0
https://www.poshaktaranom.ir/blog,تماس,https://www.poshaktaranom.ir/contact,200,https://www.poshaktaranom.ir/contact,https://www.poshaktaranom.ir/contact,INDEXABLE,yes,0
https://www.poshaktaranom.ir/blog,خرید عمده,https://poshaktaranom.com/,200,https://poshaktaranom.com/,https://poshaktaranom.com,INDEXABLE,yes,0
https://www.poshaktaranom.ir/blog,,https://trustseal.enamad.ir/?id=539366&amp;Code=30taf181eKxgXBhkF6gHyal9VAyjyXT1,,,,UNKNOWN,no,
https://www.poshaktaranom.ir/blog,مد و ترند شومیز زنانه ترند ۱۴۰۵؛ باکسی، آزاد یا مینیمال؟ مدل‌های شومیز زنانه ۱۴۰,https://www.poshaktaranom.ir/blog/trendy-womens-shirt-1405,200,https://www.poshaktaranom.ir/blog/trendy-womens-shirt-1405,https://www.poshaktaranom.ir/blog/trendy-womens-shirt-1405,INDEXABLE,yes,0
https://www.poshaktaranom.ir/blog,راهنمای خرید مانتو مدل مانتو تابستانی ۱۴۰۵؛ چه مدل‌هایی شیک‌تر و کاربردی‌ترند؟ م,https://www.poshaktaranom.ir/blog/summer-manto-trends-1405,200,https://www.poshaktaranom.ir/blog/summer-manto-trends-1405,https://www.poshaktaranom.ir/blog/summer-manto-trends-1405,INDEXABLE,yes,0
https://www.poshaktaranom.ir/about,POSHAK TARANOM,https://www.poshaktaranom.ir/,200,https://www.poshaktaranom.ir/,https://www.poshaktaranom.ir,INDEXABLE,yes,0
https://www.poshaktaranom.ir/about,صفحه اصلی,https://www.poshaktaranom.ir/,200,https://www.poshaktaranom.ir/,https://www.poshaktaranom.ir,INDEXABLE,yes,0
https://www.poshaktaranom.ir/about,جدیدترین‌ها,https://www.poshaktaranom.ir/products,200,https://www.poshaktaranom.ir/products,https://www.poshaktaranom.ir/products,INDEXABLE,yes,0
https://www.poshaktaranom.ir/about,کلکسیون,https://www.poshaktaranom.ir/collections,200,https://www.poshaktaranom.ir/collections,https://www.poshaktaranom.ir/collections,INDEXABLE,yes,0
https://www.poshaktaranom.ir/about,وبلاگ,https://www.poshaktaranom.ir/blog,200,https://www.poshaktaranom.ir/blog,https://www.poshaktaranom.ir/blog,INDEXABLE,yes,0
https://www.poshaktaranom.ir/about,درباره ما,https://www.poshaktaranom.ir/about,200,https://www.poshaktaranom.ir/about,https://www.poshaktaranom.ir/about,INDEXABLE,yes,0
https://www.poshaktaranom.ir/about,تماس با ما,https://www.poshaktaranom.ir/contact,200,https://www.poshaktaranom.ir/contact,https://www.poshaktaranom.ir/contact,INDEXABLE,yes,0
https://www.poshaktaranom.ir/about,,https://www.poshaktaranom.ir/products,200,https://www.poshaktaranom.ir/products,https://www.poshaktaranom.ir/products,INDEXABLE,yes,0
https://www.poshaktaranom.ir/about,,https://www.poshaktaranom.ir/account,200,https://www.poshaktaranom.ir/account,,NOINDEX,yes,0
https://www.poshaktaranom.ir/about,جدیدترین‌ها,https://www.poshaktaranom.ir/products,200,https://www.poshaktaranom.ir/products,https://www.poshaktaranom.ir/products,INDEXABLE,yes,0
https://www.poshaktaranom.ir/about,کلکسیون‌ها,https://www.poshaktaranom.ir/collections,200,https://www.poshaktaranom.ir/collections,https://www.poshaktaranom.ir/collections,INDEXABLE,yes,0
https://www.poshaktaranom.ir/about,مانتو,https://www.poshaktaranom.ir/products,200,https://www.poshaktaranom.ir/products,https://www.poshaktaranom.ir/products,INDEXABLE,yes,0
https://www.poshaktaranom.ir/about,ارسال,https://www.poshaktaranom.ir/shipping,200,https://www.poshaktaranom.ir/shipping,https://www.poshaktaranom.ir/shipping,INDEXABLE,yes,0
https://www.poshaktaranom.ir/about,مرجوعی و تعویض,https://www.poshaktaranom.ir/returns,200,https://www.poshaktaranom.ir/returns,https://www.poshaktaranom.ir/returns,INDEXABLE,yes,0
https://www.poshaktaranom.ir/about,حساب کاربری,https://www.poshaktaranom.ir/account,200,https://www.poshaktaranom.ir/account,,NOINDEX,yes,0
https://www.poshaktaranom.ir/about,درباره ما,https://www.poshaktaranom.ir/about,200,https://www.poshaktaranom.ir/about,https://www.poshaktaranom.ir/about,INDEXABLE,yes,0
https://www.poshaktaranom.ir/about,تماس,https://www.poshaktaranom.ir/contact,200,https://www.poshaktaranom.ir/contact,https://www.poshaktaranom.ir/contact,INDEXABLE,yes,0
https://www.poshaktaranom.ir/about,خرید عمده,https://poshaktaranom.com/,200,https://poshaktaranom.com/,https://poshaktaranom.com,INDEXABLE,yes,0
https://www.poshaktaranom.ir/about,,https://trustseal.enamad.ir/?id=539366&amp;Code=30taf181eKxgXBhkF6gHyal9VAyjyXT1,,,,UNKNOWN,no,
https://www.poshaktaranom.ir/contact,POSHAK TARANOM,https://www.poshaktaranom.ir/,200,https://www.poshaktaranom.ir/,https://www.poshaktaranom.ir,INDEXABLE,yes,0
https://www.poshaktaranom.ir/contact,صفحه اصلی,https://www.poshaktaranom.ir/,200,https://www.poshaktaranom.ir/,https://www.poshaktaranom.ir,INDEXABLE,yes,0
https://www.poshaktaranom.ir/contact,جدیدترین‌ها,https://www.poshaktaranom.ir/products,200,https://www.poshaktaranom.ir/products,https://www.poshaktaranom.ir/products,INDEXABLE,yes,0
https://www.poshaktaranom.ir/contact,کلکسیون,https://www.poshaktaranom.ir/collections,200,https://www.poshaktaranom.ir/collections,https://www.poshaktaranom.ir/collections,INDEXABLE,yes,0
https://www.poshaktaranom.ir/contact,وبلاگ,https://www.poshaktaranom.ir/blog,200,https://www.poshaktaranom.ir/blog,https://www.poshaktaranom.ir/blog,INDEXABLE,yes,0
https://www.poshaktaranom.ir/contact,درباره ما,https://www.poshaktaranom.ir/about,200,https://www.poshaktaranom.ir/about,https://www.poshaktaranom.ir/about,INDEXABLE,yes,0
https://www.poshaktaranom.ir/contact,تماس با ما,https://www.poshaktaranom.ir/contact,200,https://www.poshaktaranom.ir/contact,https://www.poshaktaranom.ir/contact,INDEXABLE,yes,0
https://www.poshaktaranom.ir/contact,,https://www.poshaktaranom.ir/products,200,https://www.poshaktaranom.ir/products,https://www.poshaktaranom.ir/products,INDEXABLE,yes,0
https://www.poshaktaranom.ir/contact,,https://www.poshaktaranom.ir/account,200,https://www.poshaktaranom.ir/account,,NOINDEX,yes,0
https://www.poshaktaranom.ir/contact,جدیدترین‌ها,https://www.poshaktaranom.ir/products,200,https://www.poshaktaranom.ir/products,https://www.poshaktaranom.ir/products,INDEXABLE,yes,0
https://www.poshaktaranom.ir/contact,کلکسیون‌ها,https://www.poshaktaranom.ir/collections,200,https://www.poshaktaranom.ir/collections,https://www.poshaktaranom.ir/collections,INDEXABLE,yes,0
https://www.poshaktaranom.ir/contact,مانتو,https://www.poshaktaranom.ir/products,200,https://www.poshaktaranom.ir/products,https://www.poshaktaranom.ir/products,INDEXABLE,yes,0
https://www.poshaktaranom.ir/contact,ارسال,https://www.poshaktaranom.ir/shipping,200,https://www.poshaktaranom.ir/shipping,https://www.poshaktaranom.ir/shipping,INDEXABLE,yes,0
https://www.poshaktaranom.ir/contact,مرجوعی و تعویض,https://www.poshaktaranom.ir/returns,200,https://www.poshaktaranom.ir/returns,https://www.poshaktaranom.ir/returns,INDEXABLE,yes,0
https://www.poshaktaranom.ir/contact,حساب کاربری,https://www.poshaktaranom.ir/account,200,https://www.poshaktaranom.ir/account,,NOINDEX,yes,0
https://www.poshaktaranom.ir/contact,درباره ما,https://www.poshaktaranom.ir/about,200,https://www.poshaktaranom.ir/about,https://www.poshaktaranom.ir/about,INDEXABLE,yes,0
https://www.poshaktaranom.ir/contact,تماس,https://www.poshaktaranom.ir/contact,200,https://www.poshaktaranom.ir/contact,https://www.poshaktaranom.ir/contact,INDEXABLE,yes,0
https://www.poshaktaranom.ir/contact,خرید عمده,https://poshaktaranom.com/,200,https://poshaktaranom.com/,https://poshaktaranom.com,INDEXABLE,yes,0
https://www.poshaktaranom.ir/contact,,https://trustseal.enamad.ir/?id=539366&amp;Code=30taf181eKxgXBhkF6gHyal9VAyjyXT1,,,,UNKNOWN,no,
https://www.poshaktaranom.ir/contact,اینستاگرام @tolidi.taranom,https://www.instagram.com/tolidi.taranom,,,,UNKNOWN,no,
https://www.poshaktaranom.ir/shipping,POSHAK TARANOM,https://www.poshaktaranom.ir/,200,https://www.poshaktaranom.ir/,https://www.poshaktaranom.ir,INDEXABLE,yes,0
https://www.poshaktaranom.ir/shipping,صفحه اصلی,https://www.poshaktaranom.ir/,200,https://www.poshaktaranom.ir/,https://www.poshaktaranom.ir,INDEXABLE,yes,0
https://www.poshaktaranom.ir/shipping,جدیدترین‌ها,https://www.poshaktaranom.ir/products,200,https://www.poshaktaranom.ir/products,https://www.poshaktaranom.ir/products,INDEXABLE,yes,0
https://www.poshaktaranom.ir/shipping,کلکسیون,https://www.poshaktaranom.ir/collections,200,https://www.poshaktaranom.ir/collections,https://www.poshaktaranom.ir/collections,INDEXABLE,yes,0
https://www.poshaktaranom.ir/shipping,وبلاگ,https://www.poshaktaranom.ir/blog,200,https://www.poshaktaranom.ir/blog,https://www.poshaktaranom.ir/blog,INDEXABLE,yes,0
https://www.poshaktaranom.ir/shipping,درباره ما,https://www.poshaktaranom.ir/about,200,https://www.poshaktaranom.ir/about,https://www.poshaktaranom.ir/about,INDEXABLE,yes,0
https://www.poshaktaranom.ir/shipping,تماس با ما,https://www.poshaktaranom.ir/contact,200,https://www.poshaktaranom.ir/contact,https://www.poshaktaranom.ir/contact,INDEXABLE,yes,0
https://www.poshaktaranom.ir/shipping,,https://www.poshaktaranom.ir/products,200,https://www.poshaktaranom.ir/products,https://www.poshaktaranom.ir/products,INDEXABLE,yes,0
https://www.poshaktaranom.ir/shipping,,https://www.poshaktaranom.ir/account,200,https://www.poshaktaranom.ir/account,,NOINDEX,yes,0
https://www.poshaktaranom.ir/shipping,جدیدترین‌ها,https://www.poshaktaranom.ir/products,200,https://www.poshaktaranom.ir/products,https://www.poshaktaranom.ir/products,INDEXABLE,yes,0
https://www.poshaktaranom.ir/shipping,کلکسیون‌ها,https://www.poshaktaranom.ir/collections,200,https://www.poshaktaranom.ir/collections,https://www.poshaktaranom.ir/collections,INDEXABLE,yes,0
https://www.poshaktaranom.ir/shipping,مانتو,https://www.poshaktaranom.ir/products,200,https://www.poshaktaranom.ir/products,https://www.poshaktaranom.ir/products,INDEXABLE,yes,0
https://www.poshaktaranom.ir/shipping,ارسال,https://www.poshaktaranom.ir/shipping,200,https://www.poshaktaranom.ir/shipping,https://www.poshaktaranom.ir/shipping,INDEXABLE,yes,0
https://www.poshaktaranom.ir/shipping,مرجوعی و تعویض,https://www.poshaktaranom.ir/returns,200,https://www.poshaktaranom.ir/returns,https://www.poshaktaranom.ir/returns,INDEXABLE,yes,0
https://www.poshaktaranom.ir/shipping,حساب کاربری,https://www.poshaktaranom.ir/account,200,https://www.poshaktaranom.ir/account,,NOINDEX,yes,0
https://www.poshaktaranom.ir/shipping,درباره ما,https://www.poshaktaranom.ir/about,200,https://www.poshaktaranom.ir/about,https://www.poshaktaranom.ir/about,INDEXABLE,yes,0
https://www.poshaktaranom.ir/shipping,تماس,https://www.poshaktaranom.ir/contact,200,https://www.poshaktaranom.ir/contact,https://www.poshaktaranom.ir/contact,INDEXABLE,yes,0
https://www.poshaktaranom.ir/shipping,خرید عمده,https://poshaktaranom.com/,200,https://poshaktaranom.com/,https://poshaktaranom.com,INDEXABLE,yes,0
https://www.poshaktaranom.ir/shipping,,https://trustseal.enamad.ir/?id=539366&amp;Code=30taf181eKxgXBhkF6gHyal9VAyjyXT1,,,,UNKNOWN,no,
https://www.poshaktaranom.ir/returns,POSHAK TARANOM,https://www.poshaktaranom.ir/,200,https://www.poshaktaranom.ir/,https://www.poshaktaranom.ir,INDEXABLE,yes,0
https://www.poshaktaranom.ir/returns,صفحه اصلی,https://www.poshaktaranom.ir/,200,https://www.poshaktaranom.ir/,https://www.poshaktaranom.ir,INDEXABLE,yes,0
https://www.poshaktaranom.ir/returns,جدیدترین‌ها,https://www.poshaktaranom.ir/products,200,https://www.poshaktaranom.ir/products,https://www.poshaktaranom.ir/products,INDEXABLE,yes,0
https://www.poshaktaranom.ir/returns,کلکسیون,https://www.poshaktaranom.ir/collections,200,https://www.poshaktaranom.ir/collections,https://www.poshaktaranom.ir/collections,INDEXABLE,yes,0
https://www.poshaktaranom.ir/returns,وبلاگ,https://www.poshaktaranom.ir/blog,200,https://www.poshaktaranom.ir/blog,https://www.poshaktaranom.ir/blog,INDEXABLE,yes,0
https://www.poshaktaranom.ir/returns,درباره ما,https://www.poshaktaranom.ir/about,200,https://www.poshaktaranom.ir/about,https://www.poshaktaranom.ir/about,INDEXABLE,yes,0
https://www.poshaktaranom.ir/returns,تماس با ما,https://www.poshaktaranom.ir/contact,200,https://www.poshaktaranom.ir/contact,https://www.poshaktaranom.ir/contact,INDEXABLE,yes,0
https://www.poshaktaranom.ir/returns,,https://www.poshaktaranom.ir/products,200,https://www.poshaktaranom.ir/products,https://www.poshaktaranom.ir/products,INDEXABLE,yes,0
https://www.poshaktaranom.ir/returns,,https://www.poshaktaranom.ir/account,200,https://www.poshaktaranom.ir/account,,NOINDEX,yes,0
https://www.poshaktaranom.ir/returns,ورود برای ثبت درخواست,https://www.poshaktaranom.ir/account?redirect=/returns,200,https://www.poshaktaranom.ir/account?redirect=/returns,,NOINDEX,yes,0
https://www.poshaktaranom.ir/returns,جدیدترین‌ها,https://www.poshaktaranom.ir/products,200,https://www.poshaktaranom.ir/products,https://www.poshaktaranom.ir/products,INDEXABLE,yes,0
https://www.poshaktaranom.ir/returns,کلکسیون‌ها,https://www.poshaktaranom.ir/collections,200,https://www.poshaktaranom.ir/collections,https://www.poshaktaranom.ir/collections,INDEXABLE,yes,0
https://www.poshaktaranom.ir/returns,مانتو,https://www.poshaktaranom.ir/products,200,https://www.poshaktaranom.ir/products,https://www.poshaktaranom.ir/products,INDEXABLE,yes,0
https://www.poshaktaranom.ir/returns,ارسال,https://www.poshaktaranom.ir/shipping,200,https://www.poshaktaranom.ir/shipping,https://www.poshaktaranom.ir/shipping,INDEXABLE,yes,0
https://www.poshaktaranom.ir/returns,مرجوعی و تعویض,https://www.poshaktaranom.ir/returns,200,https://www.poshaktaranom.ir/returns,https://www.poshaktaranom.ir/returns,INDEXABLE,yes,0
https://www.poshaktaranom.ir/returns,حساب کاربری,https://www.poshaktaranom.ir/account,200,https://www.poshaktaranom.ir/account,,NOINDEX,yes,0
https://www.poshaktaranom.ir/returns,درباره ما,https://www.poshaktaranom.ir/about,200,https://www.poshaktaranom.ir/about,https://www.poshaktaranom.ir/about,INDEXABLE,yes,0
https://www.poshaktaranom.ir/returns,تماس,https://www.poshaktaranom.ir/contact,200,https://www.poshaktaranom.ir/contact,https://www.poshaktaranom.ir/contact,INDEXABLE,yes,0
https://www.poshaktaranom.ir/returns,خرید عمده,https://poshaktaranom.com/,200,https://poshaktaranom.com/,https://poshaktaranom.com,INDEXABLE,yes,0
https://www.poshaktaranom.ir/returns,,https://trustseal.enamad.ir/?id=539366&amp;Code=30taf181eKxgXBhkF6gHyal9VAyjyXT1,,,,UNKNOWN,no,
https://www.poshaktaranom.ir/collections,POSHAK TARANOM,https://www.poshaktaranom.ir/,200,https://www.poshaktaranom.ir/,https://www.poshaktaranom.ir,INDEXABLE,yes,0
https://www.poshaktaranom.ir/collections,صفحه اصلی,https://www.poshaktaranom.ir/,200,https://www.poshaktaranom.ir/,https://www.poshaktaranom.ir,INDEXABLE,yes,0
https://www.poshaktaranom.ir/collections,جدیدترین‌ها,https://www.poshaktaranom.ir/products,200,https://www.poshaktaranom.ir/products,https://www.poshaktaranom.ir/products,INDEXABLE,yes,0
https://www.poshaktaranom.ir/collections,کلکسیون,https://www.poshaktaranom.ir/collections,200,https://www.poshaktaranom.ir/collections,https://www.poshaktaranom.ir/collections,INDEXABLE,yes,0
https://www.poshaktaranom.ir/collections,وبلاگ,https://www.poshaktaranom.ir/blog,200,https://www.poshaktaranom.ir/blog,https://www.poshaktaranom.ir/blog,INDEXABLE,yes,0
https://www.poshaktaranom.ir/collections,درباره ما,https://www.poshaktaranom.ir/about,200,https://www.poshaktaranom.ir/about,https://www.poshaktaranom.ir/about,INDEXABLE,yes,0
https://www.poshaktaranom.ir/collections,تماس با ما,https://www.poshaktaranom.ir/contact,200,https://www.poshaktaranom.ir/contact,https://www.poshaktaranom.ir/contact,INDEXABLE,yes,0
https://www.poshaktaranom.ir/collections,,https://www.poshaktaranom.ir/products,200,https://www.poshaktaranom.ir/products,https://www.poshaktaranom.ir/products,INDEXABLE,yes,0
https://www.poshaktaranom.ir/collections,,https://www.poshaktaranom.ir/account,200,https://www.poshaktaranom.ir/account,,NOINDEX,yes,0
https://www.poshaktaranom.ir/collections,رفتن به فروشگاه,https://www.poshaktaranom.ir/products,200,https://www.poshaktaranom.ir/products,https://www.poshaktaranom.ir/products,INDEXABLE,yes,0
https://www.poshaktaranom.ir/collections,جدیدترین‌ها,https://www.poshaktaranom.ir/products,200,https://www.poshaktaranom.ir/products,https://www.poshaktaranom.ir/products,INDEXABLE,yes,0
https://www.poshaktaranom.ir/collections,کلکسیون‌ها,https://www.poshaktaranom.ir/collections,200,https://www.poshaktaranom.ir/collections,https://www.poshaktaranom.ir/collections,INDEXABLE,yes,0
https://www.poshaktaranom.ir/collections,مانتو,https://www.poshaktaranom.ir/products,200,https://www.poshaktaranom.ir/products,https://www.poshaktaranom.ir/products,INDEXABLE,yes,0
https://www.poshaktaranom.ir/collections,ارسال,https://www.poshaktaranom.ir/shipping,200,https://www.poshaktaranom.ir/shipping,https://www.poshaktaranom.ir/shipping,INDEXABLE,yes,0
https://www.poshaktaranom.ir/collections,مرجوعی و تعویض,https://www.poshaktaranom.ir/returns,200,https://www.poshaktaranom.ir/returns,https://www.poshaktaranom.ir/returns,INDEXABLE,yes,0
https://www.poshaktaranom.ir/collections,حساب کاربری,https://www.poshaktaranom.ir/account,200,https://www.poshaktaranom.ir/account,,NOINDEX,yes,0
https://www.poshaktaranom.ir/collections,درباره ما,https://www.poshaktaranom.ir/about,200,https://www.poshaktaranom.ir/about,https://www.poshaktaranom.ir/about,INDEXABLE,yes,0
https://www.poshaktaranom.ir/collections,تماس,https://www.poshaktaranom.ir/contact,200,https://www.poshaktaranom.ir/contact,https://www.poshaktaranom.ir/contact,INDEXABLE,yes,0
https://www.poshaktaranom.ir/collections,خرید عمده,https://poshaktaranom.com/,200,https://poshaktaranom.com/,https://poshaktaranom.com,INDEXABLE,yes,0
https://www.poshaktaranom.ir/collections,,https://trustseal.enamad.ir/?id=539366&amp;Code=30taf181eKxgXBhkF6gHyal9VAyjyXT1,,,,UNKNOWN,no,
https://www.poshaktaranom.ir/account,POSHAK TARANOM,https://www.poshaktaranom.ir/,200,https://www.poshaktaranom.ir/,https://www.poshaktaranom.ir,INDEXABLE,yes,0
https://www.poshaktaranom.ir/account,صفحه اصلی,https://www.poshaktaranom.ir/,200,https://www.poshaktaranom.ir/,https://www.poshaktaranom.ir,INDEXABLE,yes,0
https://www.poshaktaranom.ir/account,جدیدترین‌ها,https://www.poshaktaranom.ir/products,200,https://www.poshaktaranom.ir/products,https://www.poshaktaranom.ir/products,INDEXABLE,yes,0
https://www.poshaktaranom.ir/account,کلکسیون,https://www.poshaktaranom.ir/collections,200,https://www.poshaktaranom.ir/collections,https://www.poshaktaranom.ir/collections,INDEXABLE,yes,0
https://www.poshaktaranom.ir/account,وبلاگ,https://www.poshaktaranom.ir/blog,200,https://www.poshaktaranom.ir/blog,https://www.poshaktaranom.ir/blog,INDEXABLE,yes,0
https://www.poshaktaranom.ir/account,درباره ما,https://www.poshaktaranom.ir/about,200,https://www.poshaktaranom.ir/about,https://www.poshaktaranom.ir/about,INDEXABLE,yes,0
https://www.poshaktaranom.ir/account,تماس با ما,https://www.poshaktaranom.ir/contact,200,https://www.poshaktaranom.ir/contact,https://www.poshaktaranom.ir/contact,INDEXABLE,yes,0
https://www.poshaktaranom.ir/account,,https://www.poshaktaranom.ir/products,200,https://www.poshaktaranom.ir/products,https://www.poshaktaranom.ir/products,INDEXABLE,yes,0
https://www.poshaktaranom.ir/account,,https://www.poshaktaranom.ir/account,200,https://www.poshaktaranom.ir/account,,NOINDEX,yes,0
https://www.poshaktaranom.ir/account,جدیدترین‌ها,https://www.poshaktaranom.ir/products,200,https://www.poshaktaranom.ir/products,https://www.poshaktaranom.ir/products,INDEXABLE,yes,0
https://www.poshaktaranom.ir/account,کلکسیون‌ها,https://www.poshaktaranom.ir/collections,200,https://www.poshaktaranom.ir/collections,https://www.poshaktaranom.ir/collections,INDEXABLE,yes,0
https://www.poshaktaranom.ir/account,مانتو,https://www.poshaktaranom.ir/products,200,https://www.poshaktaranom.ir/products,https://www.poshaktaranom.ir/products,INDEXABLE,yes,0
https://www.poshaktaranom.ir/account,ارسال,https://www.poshaktaranom.ir/shipping,200,https://www.poshaktaranom.ir/shipping,https://www.poshaktaranom.ir/shipping,INDEXABLE,yes,0
https://www.poshaktaranom.ir/account,مرجوعی و تعویض,https://www.poshaktaranom.ir/returns,200,https://www.poshaktaranom.ir/returns,https://www.poshaktaranom.ir/returns,INDEXABLE,yes,0
https://www.poshaktaranom.ir/account,حساب کاربری,https://www.poshaktaranom.ir/account,200,https://www.poshaktaranom.ir/account,,NOINDEX,yes,0
https://www.poshaktaranom.ir/account,درباره ما,https://www.poshaktaranom.ir/about,200,https://www.poshaktaranom.ir/about,https://www.poshaktaranom.ir/about,INDEXABLE,yes,0
https://www.poshaktaranom.ir/account,تماس,https://www.poshaktaranom.ir/contact,200,https://www.poshaktaranom.ir/contact,https://www.poshaktaranom.ir/contact,INDEXABLE,yes,0
https://www.poshaktaranom.ir/account,خرید عمده,https://poshaktaranom.com/,200,https://poshaktaranom.com/,https://poshaktaranom.com,INDEXABLE,yes,0
https://www.poshaktaranom.ir/account,,https://trustseal.enamad.ir/?id=539366&amp;Code=30taf181eKxgXBhkF6gHyal9VAyjyXT1,,,,UNKNOWN,no,
https://www.poshaktaranom.ir/checkout,POSHAK TARANOM,https://www.poshaktaranom.ir/,200,https://www.poshaktaranom.ir/,https://www.poshaktaranom.ir,INDEXABLE,yes,0
https://www.poshaktaranom.ir/checkout,صفحه اصلی,https://www.poshaktaranom.ir/,200,https://www.poshaktaranom.ir/,https://www.poshaktaranom.ir,INDEXABLE,yes,0
https://www.poshaktaranom.ir/checkout,جدیدترین‌ها,https://www.poshaktaranom.ir/products,200,https://www.poshaktaranom.ir/products,https://www.poshaktaranom.ir/products,INDEXABLE,yes,0
https://www.poshaktaranom.ir/checkout,کلکسیون,https://www.poshaktaranom.ir/collections,200,https://www.poshaktaranom.ir/collections,https://www.poshaktaranom.ir/collections,INDEXABLE,yes,0
https://www.poshaktaranom.ir/checkout,وبلاگ,https://www.poshaktaranom.ir/blog,200,https://www.poshaktaranom.ir/blog,https://www.poshaktaranom.ir/blog,INDEXABLE,yes,0
https://www.poshaktaranom.ir/checkout,درباره ما,https://www.poshaktaranom.ir/about,200,https://www.poshaktaranom.ir/about,https://www.poshaktaranom.ir/about,INDEXABLE,yes,0
https://www.poshaktaranom.ir/checkout,تماس با ما,https://www.poshaktaranom.ir/contact,200,https://www.poshaktaranom.ir/contact,https://www.poshaktaranom.ir/contact,INDEXABLE,yes,0
https://www.poshaktaranom.ir/checkout,,https://www.poshaktaranom.ir/products,200,https://www.poshaktaranom.ir/products,https://www.poshaktaranom.ir/products,INDEXABLE,yes,0
https://www.poshaktaranom.ir/checkout,,https://www.poshaktaranom.ir/account,200,https://www.poshaktaranom.ir/account,,NOINDEX,yes,0
https://www.poshaktaranom.ir/checkout,جدیدترین‌ها,https://www.poshaktaranom.ir/products,200,https://www.poshaktaranom.ir/products,https://www.poshaktaranom.ir/products,INDEXABLE,yes,0
https://www.poshaktaranom.ir/checkout,کلکسیون‌ها,https://www.poshaktaranom.ir/collections,200,https://www.poshaktaranom.ir/collections,https://www.poshaktaranom.ir/collections,INDEXABLE,yes,0
https://www.poshaktaranom.ir/checkout,مانتو,https://www.poshaktaranom.ir/products,200,https://www.poshaktaranom.ir/products,https://www.poshaktaranom.ir/products,INDEXABLE,yes,0
https://www.poshaktaranom.ir/checkout,ارسال,https://www.poshaktaranom.ir/shipping,200,https://www.poshaktaranom.ir/shipping,https://www.poshaktaranom.ir/shipping,INDEXABLE,yes,0
https://www.poshaktaranom.ir/checkout,مرجوعی و تعویض,https://www.poshaktaranom.ir/returns,200,https://www.poshaktaranom.ir/returns,https://www.poshaktaranom.ir/returns,INDEXABLE,yes,0
https://www.poshaktaranom.ir/checkout,حساب کاربری,https://www.poshaktaranom.ir/account,200,https://www.poshaktaranom.ir/account,,NOINDEX,yes,0
https://www.poshaktaranom.ir/checkout,درباره ما,https://www.poshaktaranom.ir/about,200,https://www.poshaktaranom.ir/about,https://www.poshaktaranom.ir/about,INDEXABLE,yes,0
https://www.poshaktaranom.ir/checkout,تماس,https://www.poshaktaranom.ir/contact,200,https://www.poshaktaranom.ir/contact,https://www.poshaktaranom.ir/contact,INDEXABLE,yes,0
https://www.poshaktaranom.ir/checkout,خرید عمده,https://poshaktaranom.com/,200,https://poshaktaranom.com/,https://poshaktaranom.com,INDEXABLE,yes,0
https://www.poshaktaranom.ir/checkout,,https://trustseal.enamad.ir/?id=539366&amp;Code=30taf181eKxgXBhkF6gHyal9VAyjyXT1,,,,UNKNOWN,no,
https://www.poshaktaranom.ir/search,POSHAK TARANOM,https://www.poshaktaranom.ir/,200,https://www.poshaktaranom.ir/,https://www.poshaktaranom.ir,INDEXABLE,yes,0
https://www.poshaktaranom.ir/search,صفحه اصلی,https://www.poshaktaranom.ir/,200,https://www.poshaktaranom.ir/,https://www.poshaktaranom.ir,INDEXABLE,yes,0
https://www.poshaktaranom.ir/search,جدیدترین‌ها,https://www.poshaktaranom.ir/products,200,https://www.poshaktaranom.ir/products,https://www.poshaktaranom.ir/products,INDEXABLE,yes,0
https://www.poshaktaranom.ir/search,کلکسیون,https://www.poshaktaranom.ir/collections,200,https://www.poshaktaranom.ir/collections,https://www.poshaktaranom.ir/collections,INDEXABLE,yes,0
https://www.poshaktaranom.ir/search,وبلاگ,https://www.poshaktaranom.ir/blog,200,https://www.poshaktaranom.ir/blog,https://www.poshaktaranom.ir/blog,INDEXABLE,yes,0
https://www.poshaktaranom.ir/search,درباره ما,https://www.poshaktaranom.ir/about,200,https://www.poshaktaranom.ir/about,https://www.poshaktaranom.ir/about,INDEXABLE,yes,0
https://www.poshaktaranom.ir/search,تماس با ما,https://www.poshaktaranom.ir/contact,200,https://www.poshaktaranom.ir/contact,https://www.poshaktaranom.ir/contact,INDEXABLE,yes,0
https://www.poshaktaranom.ir/search,,https://www.poshaktaranom.ir/products,200,https://www.poshaktaranom.ir/products,https://www.poshaktaranom.ir/products,INDEXABLE,yes,0
https://www.poshaktaranom.ir/search,,https://www.poshaktaranom.ir/account,200,https://www.poshaktaranom.ir/account,,NOINDEX,yes,0
https://www.poshaktaranom.ir/search,جدیدترین‌ها,https://www.poshaktaranom.ir/products,200,https://www.poshaktaranom.ir/products,https://www.poshaktaranom.ir/products,INDEXABLE,yes,0
https://www.poshaktaranom.ir/search,کلکسیون‌ها,https://www.poshaktaranom.ir/collections,200,https://www.poshaktaranom.ir/collections,https://www.poshaktaranom.ir/collections,INDEXABLE,yes,0
https://www.poshaktaranom.ir/search,مانتو,https://www.poshaktaranom.ir/products,200,https://www.poshaktaranom.ir/products,https://www.poshaktaranom.ir/products,INDEXABLE,yes,0
https://www.poshaktaranom.ir/search,ارسال,https://www.poshaktaranom.ir/shipping,200,https://www.poshaktaranom.ir/shipping,https://www.poshaktaranom.ir/shipping,INDEXABLE,yes,0
https://www.poshaktaranom.ir/search,مرجوعی و تعویض,https://www.poshaktaranom.ir/returns,200,https://www.poshaktaranom.ir/returns,https://www.poshaktaranom.ir/returns,INDEXABLE,yes,0
https://www.poshaktaranom.ir/search,حساب کاربری,https://www.poshaktaranom.ir/account,200,https://www.poshaktaranom.ir/account,,NOINDEX,yes,0
https://www.poshaktaranom.ir/search,درباره ما,https://www.poshaktaranom.ir/about,200,https://www.poshaktaranom.ir/about,https://www.poshaktaranom.ir/about,INDEXABLE,yes,0
https://www.poshaktaranom.ir/search,تماس,https://www.poshaktaranom.ir/contact,200,https://www.poshaktaranom.ir/contact,https://www.poshaktaranom.ir/contact,INDEXABLE,yes,0
https://www.poshaktaranom.ir/search,خرید عمده,https://poshaktaranom.com/,200,https://poshaktaranom.com/,https://poshaktaranom.com,INDEXABLE,yes,0
https://www.poshaktaranom.ir/search,,https://trustseal.enamad.ir/?id=539366&amp;Code=30taf181eKxgXBhkF6gHyal9VAyjyXT1,,,,UNKNOWN,no,
https://www.poshaktaranom.ir/search,,https://www.poshaktaranom.ir/products/linen-sport-jacket-erika,200,https://www.poshaktaranom.ir/products/linen-sport-jacket-erika,https://www.poshaktaranom.ir/products/linen-sport-jacket-erika,INDEXABLE,yes,0
https://www.poshaktaranom.ir/search,انتخاب سایز,https://www.poshaktaranom.ir/products/linen-sport-jacket-erika,200,https://www.poshaktaranom.ir/products/linen-sport-jacket-erika,https://www.poshaktaranom.ir/products/linen-sport-jacket-erika,INDEXABLE,yes,0
https://www.poshaktaranom.ir/search,کت اسپرت لینن مدل اریکا,https://www.poshaktaranom.ir/products/linen-sport-jacket-erika,200,https://www.poshaktaranom.ir/products/linen-sport-jacket-erika,https://www.poshaktaranom.ir/products/linen-sport-jacket-erika,INDEXABLE,yes,0
https://www.poshaktaranom.ir/search,,https://www.poshaktaranom.ir/products/bezayagh-jacket-rose,200,https://www.poshaktaranom.ir/products/bezayagh-jacket-rose,https://www.poshaktaranom.ir/products/bezayagh-jacket-rose,INDEXABLE,yes,0
https://www.poshaktaranom.ir/search,انتخاب سایز,https://www.poshaktaranom.ir/products/bezayagh-jacket-rose,200,https://www.poshaktaranom.ir/products/bezayagh-jacket-rose,https://www.poshaktaranom.ir/products/bezayagh-jacket-rose,INDEXABLE,yes,0
https://www.poshaktaranom.ir/search,کت بزایاق مدل رز,https://www.poshaktaranom.ir/products/bezayagh-jacket-rose,200,https://www.poshaktaranom.ir/products/bezayagh-jacket-rose,https://www.poshaktaranom.ir/products/bezayagh-jacket-rose,INDEXABLE,yes,0
https://www.poshaktaranom.ir/search,,https://www.poshaktaranom.ir/products/cotton-vest-pants-set-nazi,200,https://www.poshaktaranom.ir/products/cotton-vest-pants-set-nazi,https://www.poshaktaranom.ir/products/cotton-vest-pants-set-nazi,INDEXABLE,yes,0
https://www.poshaktaranom.ir/search,انتخاب سایز,https://www.poshaktaranom.ir/products/cotton-vest-pants-set-nazi,200,https://www.poshaktaranom.ir/products/cotton-vest-pants-set-nazi,https://www.poshaktaranom.ir/products/cotton-vest-pants-set-nazi,INDEXABLE,yes,0
https://www.poshaktaranom.ir/search,وست و شلوار کتان مدل نازی,https://www.poshaktaranom.ir/products/cotton-vest-pants-set-nazi,200,https://www.poshaktaranom.ir/products/cotton-vest-pants-set-nazi,https://www.poshaktaranom.ir/products/cotton-vest-pants-set-nazi,INDEXABLE,yes,0
https://www.poshaktaranom.ir/search,,https://www.poshaktaranom.ir/products/jacquard-jacket-pardis,200,https://www.poshaktaranom.ir/products/jacquard-jacket-pardis,https://www.poshaktaranom.ir/products/jacquard-jacket-pardis,INDEXABLE,yes,0
https://www.poshaktaranom.ir/search,انتخاب سایز,https://www.poshaktaranom.ir/products/jacquard-jacket-pardis,200,https://www.poshaktaranom.ir/products/jacquard-jacket-pardis,https://www.poshaktaranom.ir/products/jacquard-jacket-pardis,INDEXABLE,yes,0
https://www.poshaktaranom.ir/search,کت ژاکارد مدل پردیس,https://www.poshaktaranom.ir/products/jacquard-jacket-pardis,200,https://www.poshaktaranom.ir/products/jacquard-jacket-pardis,https://www.poshaktaranom.ir/products/jacquard-jacket-pardis,INDEXABLE,yes,0
https://www.poshaktaranom.ir/search,,https://www.poshaktaranom.ir/products/woolen-teddy-manteau-rasta,200,https://www.poshaktaranom.ir/products/woolen-teddy-manteau-rasta,https://www.poshaktaranom.ir/products/woolen-teddy-manteau-rasta,INDEXABLE,yes,0
https://www.poshaktaranom.ir/search,انتخاب سایز,https://www.poshaktaranom.ir/products/woolen-teddy-manteau-rasta,200,https://www.poshaktaranom.ir/products/woolen-teddy-manteau-rasta,https://www.poshaktaranom.ir/products/woolen-teddy-manteau-rasta,INDEXABLE,yes,0
https://www.poshaktaranom.ir/search,مانتو پشمی و تدی مدل رستا,https://www.poshaktaranom.ir/products/woolen-teddy-manteau-rasta,200,https://www.poshaktaranom.ir/products/woolen-teddy-manteau-rasta,https://www.poshaktaranom.ir/products/woolen-teddy-manteau-rasta,INDEXABLE,yes,0
https://www.poshaktaranom.ir/search,,https://www.poshaktaranom.ir/products/woolen-kaftan-noora,200,https://www.poshaktaranom.ir/products/woolen-kaftan-noora,https://www.poshaktaranom.ir/products/woolen-kaftan-noora,INDEXABLE,yes,0
https://www.poshaktaranom.ir/search,انتخاب سایز,https://www.poshaktaranom.ir/products/woolen-kaftan-noora,200,https://www.poshaktaranom.ir/products/woolen-kaftan-noora,https://www.poshaktaranom.ir/products/woolen-kaftan-noora,INDEXABLE,yes,0
https://www.poshaktaranom.ir/search,کفتان پشمی مدل نورا,https://www.poshaktaranom.ir/products/woolen-kaftan-noora,200,https://www.poshaktaranom.ir/products/woolen-kaftan-noora,https://www.poshaktaranom.ir/products/woolen-kaftan-noora,INDEXABLE,yes,0
https://www.poshaktaranom.ir/search,,https://www.poshaktaranom.ir/products/kapshan-bamber-65,200,https://www.poshaktaranom.ir/products/kapshan-bamber-65,https://www.poshaktaranom.ir/products/kapshan-bamber-65,INDEXABLE,yes,0
https://www.poshaktaranom.ir/search,انتخاب سایز,https://www.poshaktaranom.ir/products/kapshan-bamber-65,200,https://www.poshaktaranom.ir/products/kapshan-bamber-65,https://www.poshaktaranom.ir/products/kapshan-bamber-65,INDEXABLE,yes,0
https://www.poshaktaranom.ir/search,کاپشن بامبری,https://www.poshaktaranom.ir/products/kapshan-bamber-65,200,https://www.poshaktaranom.ir/products/kapshan-bamber-65,https://www.poshaktaranom.ir/products/kapshan-bamber-65,INDEXABLE,yes,0
https://www.poshaktaranom.ir/search,,https://www.poshaktaranom.ir/products/linen-shirt-manteau-golrokh,200,https://www.poshaktaranom.ir/products/linen-shirt-manteau-golrokh,https://www.poshaktaranom.ir/products/linen-shirt-manteau-golrokh,INDEXABLE,yes,0
https://www.poshaktaranom.ir/search,انتخاب سایز,https://www.poshaktaranom.ir/products/linen-shirt-manteau-golrokh,200,https://www.poshaktaranom.ir/products/linen-shirt-manteau-golrokh,https://www.poshaktaranom.ir/products/linen-shirt-manteau-golrokh,INDEXABLE,yes,0
https://www.poshaktaranom.ir/search,مانتو شومیزی لینن مدل گلرخ,https://www.poshaktaranom.ir/products/linen-shirt-manteau-golrokh,200,https://www.poshaktaranom.ir/products/linen-shirt-manteau-golrokh,https://www.poshaktaranom.ir/products/linen-shirt-manteau-golrokh,INDEXABLE,yes,0
https://www.poshaktaranom.ir/search,,https://www.poshaktaranom.ir/products/linen-embroidered-manteau-nastaran,200,https://www.poshaktaranom.ir/products/linen-embroidered-manteau-nastaran,https://www.poshaktaranom.ir/products/linen-embroidered-manteau-nastaran,INDEXABLE,yes,0
https://www.poshaktaranom.ir/search,انتخاب سایز,https://www.poshaktaranom.ir/products/linen-embroidered-manteau-nastaran,200,https://www.poshaktaranom.ir/products/linen-embroidered-manteau-nastaran,https://www.poshaktaranom.ir/products/linen-embroidered-manteau-nastaran,INDEXABLE,yes,0
https://www.poshaktaranom.ir/search,مانتو شومیزی خامه دوزی لینن مدل نسترن,https://www.poshaktaranom.ir/products/linen-embroidered-manteau-nastaran,200,https://www.poshaktaranom.ir/products/linen-embroidered-manteau-nastaran,https://www.poshaktaranom.ir/products/linen-embroidered-manteau-nastaran,INDEXABLE,yes,0
https://www.poshaktaranom.ir/search,,https://www.poshaktaranom.ir/products/linen-pants-arsa,200,https://www.poshaktaranom.ir/products/linen-pants-arsa,https://www.poshaktaranom.ir/products/linen-pants-arsa,INDEXABLE,yes,0
https://www.poshaktaranom.ir/search,انتخاب سایز,https://www.poshaktaranom.ir/products/linen-pants-arsa,200,https://www.poshaktaranom.ir/products/linen-pants-arsa,https://www.poshaktaranom.ir/products/linen-pants-arsa,INDEXABLE,yes,0
https://www.poshaktaranom.ir/search,شلوار لینن مدل آرسا,https://www.poshaktaranom.ir/products/linen-pants-arsa,200,https://www.poshaktaranom.ir/products/linen-pants-arsa,https://www.poshaktaranom.ir/products/linen-pants-arsa,INDEXABLE,yes,0
https://www.poshaktaranom.ir/search,,https://www.poshaktaranom.ir/products/linen-pants-hasty,200,https://www.poshaktaranom.ir/products/linen-pants-hasty,https://www.poshaktaranom.ir/products/linen-pants-hasty,INDEXABLE,yes,0
https://www.poshaktaranom.ir/search,انتخاب سایز,https://www.poshaktaranom.ir/products/linen-pants-hasty,200,https://www.poshaktaranom.ir/products/linen-pants-hasty,https://www.poshaktaranom.ir/products/linen-pants-hasty,INDEXABLE,yes,0
https://www.poshaktaranom.ir/search,شلوار لینن مدل هستی,https://www.poshaktaranom.ir/products/linen-pants-hasty,200,https://www.poshaktaranom.ir/products/linen-pants-hasty,https://www.poshaktaranom.ir/products/linen-pants-hasty,INDEXABLE,yes,0
https://www.poshaktaranom.ir/search,,https://www.poshaktaranom.ir/products/cotton-crop-jacket-aramis,200,https://www.poshaktaranom.ir/products/cotton-crop-jacket-aramis,https://www.poshaktaranom.ir/products/cotton-crop-jacket-aramis,INDEXABLE,yes,0
https://www.poshaktaranom.ir/search,انتخاب سایز,https://www.poshaktaranom.ir/products/cotton-crop-jacket-aramis,200,https://www.poshaktaranom.ir/products/cotton-crop-jacket-aramis,https://www.poshaktaranom.ir/products/cotton-crop-jacket-aramis,INDEXABLE,yes,0
https://www.poshaktaranom.ir/search,کت کراپ کتان مدل آرامیس,https://www.poshaktaranom.ir/products/cotton-crop-jacket-aramis,200,https://www.poshaktaranom.ir/products/cotton-crop-jacket-aramis,https://www.poshaktaranom.ir/products/cotton-crop-jacket-aramis,INDEXABLE,yes,0
https://www.poshaktaranom.ir/search,,https://www.poshaktaranom.ir/products/coats00011,200,https://www.poshaktaranom.ir/products/coats00011,https://www.poshaktaranom.ir/products/coats00011,INDEXABLE,yes,0
https://www.poshaktaranom.ir/search,انتخاب سایز,https://www.poshaktaranom.ir/products/coats00011,200,https://www.poshaktaranom.ir/products/coats00011,https://www.poshaktaranom.ir/products/coats00011,INDEXABLE,yes,0
https://www.poshaktaranom.ir/search,کت شنل مدل پریما,https://www.poshaktaranom.ir/products/coats00011,200,https://www.poshaktaranom.ir/products/coats00011,https://www.poshaktaranom.ir/products/coats00011,INDEXABLE,yes,0
https://www.poshaktaranom.ir/search,,https://www.poshaktaranom.ir/products/cotton-tracksuit-set-tara,200,https://www.poshaktaranom.ir/products/cotton-tracksuit-set-tara,https://www.poshaktaranom.ir/products/cotton-tracksuit-set-tara,INDEXABLE,yes,0
https://www.poshaktaranom.ir/search,انتخاب سایز,https://www.poshaktaranom.ir/products/cotton-tracksuit-set-tara,200,https://www.poshaktaranom.ir/products/cotton-tracksuit-set-tara,https://www.poshaktaranom.ir/products/cotton-tracksuit-set-tara,INDEXABLE,yes,0
https://www.poshaktaranom.ir/search,سوئیشرت و شلوار دورس مدل تارا,https://www.poshaktaranom.ir/products/cotton-tracksuit-set-tara,200,https://www.poshaktaranom.ir/products/cotton-tracksuit-set-tara,https://www.poshaktaranom.ir/products/cotton-tracksuit-set-tara,INDEXABLE,yes,0
https://www.poshaktaranom.ir/search,,https://www.poshaktaranom.ir/products/teddy-hoodie-sweatshirt-good,200,https://www.poshaktaranom.ir/products/teddy-hoodie-sweatshirt-good,https://www.poshaktaranom.ir/products/teddy-hoodie-sweatshirt-good,INDEXABLE,yes,0
https://www.poshaktaranom.ir/search,انتخاب سایز,https://www.poshaktaranom.ir/products/teddy-hoodie-sweatshirt-good,200,https://www.poshaktaranom.ir/products/teddy-hoodie-sweatshirt-good,https://www.poshaktaranom.ir/products/teddy-hoodie-sweatshirt-good,INDEXABLE,yes,0
https://www.poshaktaranom.ir/search,سوئیشرت تدی کلاهدار مدل گود,https://www.poshaktaranom.ir/products/teddy-hoodie-sweatshirt-good,200,https://www.poshaktaranom.ir/products/teddy-hoodie-sweatshirt-good,https://www.poshaktaranom.ir/products/teddy-hoodie-sweatshirt-good,INDEXABLE,yes,0
https://www.poshaktaranom.ir/search,,https://www.poshaktaranom.ir/products/patterned-french-terry-shirt,200,https://www.poshaktaranom.ir/products/patterned-french-terry-shirt,https://www.poshaktaranom.ir/products/patterned-french-terry-shirt,INDEXABLE,yes,0
https://www.poshaktaranom.ir/search,انتخاب سایز,https://www.poshaktaranom.ir/products/patterned-french-terry-shirt,200,https://www.poshaktaranom.ir/products/patterned-french-terry-shirt,https://www.poshaktaranom.ir/products/patterned-french-terry-shirt,INDEXABLE,yes,0
https://www.poshaktaranom.ir/search,شکت فوتر طرحدار,https://www.poshaktaranom.ir/products/patterned-french-terry-shirt,200,https://www.poshaktaranom.ir/products/patterned-french-terry-shirt,https://www.poshaktaranom.ir/products/patterned-french-terry-shirt,INDEXABLE,yes,0
https://www.poshaktaranom.ir/search,,https://www.poshaktaranom.ir/products/woolen-coat-maral,200,https://www.poshaktaranom.ir/products/woolen-coat-maral,https://www.poshaktaranom.ir/products/woolen-coat-maral,INDEXABLE,yes,0
https://www.poshaktaranom.ir/search,انتخاب سایز,https://www.poshaktaranom.ir/products/woolen-coat-maral,200,https://www.poshaktaranom.ir/products/woolen-coat-maral,https://www.poshaktaranom.ir/products/woolen-coat-maral,INDEXABLE,yes,0
https://www.poshaktaranom.ir/search,پالتو پشمی مدل مارال,https://www.poshaktaranom.ir/products/woolen-coat-maral,200,https://www.poshaktaranom.ir/products/woolen-coat-maral,https://www.poshaktaranom.ir/products/woolen-coat-maral,INDEXABLE,yes,0
https://www.poshaktaranom.ir/search,,https://www.poshaktaranom.ir/products/footer-coat-arka,200,https://www.poshaktaranom.ir/products/footer-coat-arka,https://www.poshaktaranom.ir/products/footer-coat-arka,INDEXABLE,yes,0
https://www.poshaktaranom.ir/search,انتخاب سایز,https://www.poshaktaranom.ir/products/footer-coat-arka,200,https://www.poshaktaranom.ir/products/footer-coat-arka,https://www.poshaktaranom.ir/products/footer-coat-arka,INDEXABLE,yes,0
https://www.poshaktaranom.ir/search,کت فوتر مدل آرکا,https://www.poshaktaranom.ir/products/footer-coat-arka,200,https://www.poshaktaranom.ir/products/footer-coat-arka,https://www.poshaktaranom.ir/products/footer-coat-arka,INDEXABLE,yes,0
https://www.poshaktaranom.ir/search,,https://www.poshaktaranom.ir/products/chenille-coat-negin,200,https://www.poshaktaranom.ir/products/chenille-coat-negin,https://www.poshaktaranom.ir/products/chenille-coat-negin,INDEXABLE,yes,0
https://www.poshaktaranom.ir/search,انتخاب سایز,https://www.poshaktaranom.ir/products/chenille-coat-negin,200,https://www.poshaktaranom.ir/products/chenille-coat-negin,https://www.poshaktaranom.ir/products/chenille-coat-negin,INDEXABLE,yes,0
https://www.poshaktaranom.ir/search,کت شنل مدل نگین,https://www.poshaktaranom.ir/products/chenille-coat-negin,200,https://www.poshaktaranom.ir/products/chenille-coat-negin,https://www.poshaktaranom.ir/products/chenille-coat-negin,INDEXABLE,yes,0
https://www.poshaktaranom.ir/search,,https://www.poshaktaranom.ir/products/lyocell-jacket-jacqueline,200,https://www.poshaktaranom.ir/products/lyocell-jacket-jacqueline,https://www.poshaktaranom.ir/products/lyocell-jacket-jacqueline,INDEXABLE,yes,0
https://www.poshaktaranom.ir/search,انتخاب سایز,https://www.poshaktaranom.ir/products/lyocell-jacket-jacqueline,200,https://www.poshaktaranom.ir/products/lyocell-jacket-jacqueline,https://www.poshaktaranom.ir/products/lyocell-jacket-jacqueline,INDEXABLE,yes,0
https://www.poshaktaranom.ir/search,کت لایوسل مدل ژاکلین,https://www.poshaktaranom.ir/products/lyocell-jacket-jacqueline,200,https://www.poshaktaranom.ir/products/lyocell-jacket-jacqueline,https://www.poshaktaranom.ir/products/lyocell-jacket-jacqueline,INDEXABLE,yes,0
https://www.poshaktaranom.ir/search,,https://www.poshaktaranom.ir/products/memory-lined-raincoat-110,200,https://www.poshaktaranom.ir/products/memory-lined-raincoat-110,https://www.poshaktaranom.ir/products/memory-lined-raincoat-110,INDEXABLE,yes,0
https://www.poshaktaranom.ir/search,انتخاب سایز,https://www.poshaktaranom.ir/products/memory-lined-raincoat-110,200,https://www.poshaktaranom.ir/products/memory-lined-raincoat-110,https://www.poshaktaranom.ir/products/memory-lined-raincoat-110,INDEXABLE,yes,0
https://www.poshaktaranom.ir/search,بارونی مموری آستردار قد 110 (رنگ ترکیبی),https://www.poshaktaranom.ir/products/memory-lined-raincoat-110,200,https://www.poshaktaranom.ir/products/memory-lined-raincoat-110,https://www.poshaktaranom.ir/products/memory-lined-raincoat-110,INDEXABLE,yes,0
https://www.poshaktaranom.ir/search,,https://www.poshaktaranom.ir/products/woolen-overcoat-athena,200,https://www.poshaktaranom.ir/products/woolen-overcoat-athena,https://www.poshaktaranom.ir/products/woolen-overcoat-athena,INDEXABLE,yes,0
https://www.poshaktaranom.ir/search,انتخاب سایز,https://www.poshaktaranom.ir/products/woolen-overcoat-athena,200,https://www.poshaktaranom.ir/products/woolen-overcoat-athena,https://www.poshaktaranom.ir/products/woolen-overcoat-athena,INDEXABLE,yes,0
https://www.poshaktaranom.ir/search,اورکت پشمی مدل آتنا,https://www.poshaktaranom.ir/products/woolen-overcoat-athena,200,https://www.poshaktaranom.ir/products/woolen-overcoat-athena,https://www.poshaktaranom.ir/products/woolen-overcoat-athena,INDEXABLE,yes,0
https://www.poshaktaranom.ir/search,,https://www.poshaktaranom.ir/products/chenille-coat-mahour,200,https://www.poshaktaranom.ir/products/chenille-coat-mahour,https://www.poshaktaranom.ir/products/chenille-coat-mahour,INDEXABLE,yes,0
https://www.poshaktaranom.ir/search,انتخاب سایز,https://www.poshaktaranom.ir/products/chenille-coat-mahour,200,https://www.poshaktaranom.ir/products/chenille-coat-mahour,https://www.poshaktaranom.ir/products/chenille-coat-mahour,INDEXABLE,yes,0
https://www.poshaktaranom.ir/search,کت شنل مدل ماهور,https://www.poshaktaranom.ir/products/chenille-coat-mahour,200,https://www.poshaktaranom.ir/products/chenille-coat-mahour,https://www.poshaktaranom.ir/products/chenille-coat-mahour,INDEXABLE,yes,0
https://www.poshaktaranom.ir/search,,https://www.poshaktaranom.ir/products/tetoron-basic-shirt-sahar,200,https://www.poshaktaranom.ir/products/tetoron-basic-shirt-sahar,https://www.poshaktaranom.ir/products/tetoron-basic-shirt-sahar,INDEXABLE,yes,0
https://www.poshaktaranom.ir/search,انتخاب سایز,https://www.poshaktaranom.ir/products/tetoron-basic-shirt-sahar,200,https://www.poshaktaranom.ir/products/tetoron-basic-shirt-sahar,https://www.poshaktaranom.ir/products/tetoron-basic-shirt-sahar,INDEXABLE,yes,0
https://www.poshaktaranom.ir/search,پیراهن بیسیک تترون مدل سحر,https://www.poshaktaranom.ir/products/tetoron-basic-shirt-sahar,200,https://www.poshaktaranom.ir/products/tetoron-basic-shirt-sahar,https://www.poshaktaranom.ir/products/tetoron-basic-shirt-sahar,INDEXABLE,yes,0
https://www.poshaktaranom.ir/search,صفحه بعد,https://www.poshaktaranom.ir/products?page=2,200,https://www.poshaktaranom.ir/products?page=2,https://www.poshaktaranom.ir/products,NOINDEX,yes,0
https://www.poshaktaranom.ir/shop,POSHAK TARANOM,https://www.poshaktaranom.ir/,200,https://www.poshaktaranom.ir/,https://www.poshaktaranom.ir,INDEXABLE,yes,0
https://www.poshaktaranom.ir/shop,صفحه اصلی,https://www.poshaktaranom.ir/,200,https://www.poshaktaranom.ir/,https://www.poshaktaranom.ir,INDEXABLE,yes,0
https://www.poshaktaranom.ir/shop,جدیدترین‌ها,https://www.poshaktaranom.ir/products,200,https://www.poshaktaranom.ir/products,https://www.poshaktaranom.ir/products,INDEXABLE,yes,0
https://www.poshaktaranom.ir/shop,کلکسیون,https://www.poshaktaranom.ir/collections,200,https://www.poshaktaranom.ir/collections,https://www.poshaktaranom.ir/collections,INDEXABLE,yes,0
https://www.poshaktaranom.ir/shop,وبلاگ,https://www.poshaktaranom.ir/blog,200,https://www.poshaktaranom.ir/blog,https://www.poshaktaranom.ir/blog,INDEXABLE,yes,0
https://www.poshaktaranom.ir/shop,درباره ما,https://www.poshaktaranom.ir/about,200,https://www.poshaktaranom.ir/about,https://www.poshaktaranom.ir/about,INDEXABLE,yes,0
https://www.poshaktaranom.ir/shop,تماس با ما,https://www.poshaktaranom.ir/contact,200,https://www.poshaktaranom.ir/contact,https://www.poshaktaranom.ir/contact,INDEXABLE,yes,0
https://www.poshaktaranom.ir/shop,,https://www.poshaktaranom.ir/products,200,https://www.poshaktaranom.ir/products,https://www.poshaktaranom.ir/products,INDEXABLE,yes,0
https://www.poshaktaranom.ir/shop,,https://www.poshaktaranom.ir/account,200,https://www.poshaktaranom.ir/account,,NOINDEX,yes,0
https://www.poshaktaranom.ir/shop,جدیدترین‌ها,https://www.poshaktaranom.ir/products,200,https://www.poshaktaranom.ir/products,https://www.poshaktaranom.ir/products,INDEXABLE,yes,0
https://www.poshaktaranom.ir/shop,کلکسیون‌ها,https://www.poshaktaranom.ir/collections,200,https://www.poshaktaranom.ir/collections,https://www.poshaktaranom.ir/collections,INDEXABLE,yes,0
https://www.poshaktaranom.ir/shop,مانتو,https://www.poshaktaranom.ir/products,200,https://www.poshaktaranom.ir/products,https://www.poshaktaranom.ir/products,INDEXABLE,yes,0
https://www.poshaktaranom.ir/shop,ارسال,https://www.poshaktaranom.ir/shipping,200,https://www.poshaktaranom.ir/shipping,https://www.poshaktaranom.ir/shipping,INDEXABLE,yes,0
https://www.poshaktaranom.ir/shop,مرجوعی و تعویض,https://www.poshaktaranom.ir/returns,200,https://www.poshaktaranom.ir/returns,https://www.poshaktaranom.ir/returns,INDEXABLE,yes,0
https://www.poshaktaranom.ir/shop,حساب کاربری,https://www.poshaktaranom.ir/account,200,https://www.poshaktaranom.ir/account,,NOINDEX,yes,0
https://www.poshaktaranom.ir/shop,درباره ما,https://www.poshaktaranom.ir/about,200,https://www.poshaktaranom.ir/about,https://www.poshaktaranom.ir/about,INDEXABLE,yes,0
https://www.poshaktaranom.ir/shop,تماس,https://www.poshaktaranom.ir/contact,200,https://www.poshaktaranom.ir/contact,https://www.poshaktaranom.ir/contact,INDEXABLE,yes,0
https://www.poshaktaranom.ir/shop,خرید عمده,https://poshaktaranom.com/,200,https://poshaktaranom.com/,https://poshaktaranom.com,INDEXABLE,yes,0
https://www.poshaktaranom.ir/shop,,https://trustseal.enamad.ir/?id=539366&amp;Code=30taf181eKxgXBhkF6gHyal9VAyjyXT1,,,,UNKNOWN,no,
https://www.poshaktaranom.ir/shop,,https://www.poshaktaranom.ir/products/linen-sport-jacket-erika,200,https://www.poshaktaranom.ir/products/linen-sport-jacket-erika,https://www.poshaktaranom.ir/products/linen-sport-jacket-erika,INDEXABLE,yes,0
https://www.poshaktaranom.ir/shop,انتخاب سایز,https://www.poshaktaranom.ir/products/linen-sport-jacket-erika,200,https://www.poshaktaranom.ir/products/linen-sport-jacket-erika,https://www.poshaktaranom.ir/products/linen-sport-jacket-erika,INDEXABLE,yes,0
https://www.poshaktaranom.ir/shop,کت اسپرت لینن مدل اریکا,https://www.poshaktaranom.ir/products/linen-sport-jacket-erika,200,https://www.poshaktaranom.ir/products/linen-sport-jacket-erika,https://www.poshaktaranom.ir/products/linen-sport-jacket-erika,INDEXABLE,yes,0
https://www.poshaktaranom.ir/shop,,https://www.poshaktaranom.ir/products/bezayagh-jacket-rose,200,https://www.poshaktaranom.ir/products/bezayagh-jacket-rose,https://www.poshaktaranom.ir/products/bezayagh-jacket-rose,INDEXABLE,yes,0
https://www.poshaktaranom.ir/shop,انتخاب سایز,https://www.poshaktaranom.ir/products/bezayagh-jacket-rose,200,https://www.poshaktaranom.ir/products/bezayagh-jacket-rose,https://www.poshaktaranom.ir/products/bezayagh-jacket-rose,INDEXABLE,yes,0
https://www.poshaktaranom.ir/shop,کت بزایاق مدل رز,https://www.poshaktaranom.ir/products/bezayagh-jacket-rose,200,https://www.poshaktaranom.ir/products/bezayagh-jacket-rose,https://www.poshaktaranom.ir/products/bezayagh-jacket-rose,INDEXABLE,yes,0
https://www.poshaktaranom.ir/shop,,https://www.poshaktaranom.ir/products/cotton-vest-pants-set-nazi,200,https://www.poshaktaranom.ir/products/cotton-vest-pants-set-nazi,https://www.poshaktaranom.ir/products/cotton-vest-pants-set-nazi,INDEXABLE,yes,0
https://www.poshaktaranom.ir/shop,انتخاب سایز,https://www.poshaktaranom.ir/products/cotton-vest-pants-set-nazi,200,https://www.poshaktaranom.ir/products/cotton-vest-pants-set-nazi,https://www.poshaktaranom.ir/products/cotton-vest-pants-set-nazi,INDEXABLE,yes,0
https://www.poshaktaranom.ir/shop,وست و شلوار کتان مدل نازی,https://www.poshaktaranom.ir/products/cotton-vest-pants-set-nazi,200,https://www.poshaktaranom.ir/products/cotton-vest-pants-set-nazi,https://www.poshaktaranom.ir/products/cotton-vest-pants-set-nazi,INDEXABLE,yes,0
https://www.poshaktaranom.ir/shop,,https://www.poshaktaranom.ir/products/jacquard-jacket-pardis,200,https://www.poshaktaranom.ir/products/jacquard-jacket-pardis,https://www.poshaktaranom.ir/products/jacquard-jacket-pardis,INDEXABLE,yes,0
https://www.poshaktaranom.ir/shop,انتخاب سایز,https://www.poshaktaranom.ir/products/jacquard-jacket-pardis,200,https://www.poshaktaranom.ir/products/jacquard-jacket-pardis,https://www.poshaktaranom.ir/products/jacquard-jacket-pardis,INDEXABLE,yes,0
https://www.poshaktaranom.ir/shop,کت ژاکارد مدل پردیس,https://www.poshaktaranom.ir/products/jacquard-jacket-pardis,200,https://www.poshaktaranom.ir/products/jacquard-jacket-pardis,https://www.poshaktaranom.ir/products/jacquard-jacket-pardis,INDEXABLE,yes,0
https://www.poshaktaranom.ir/shop,,https://www.poshaktaranom.ir/products/woolen-teddy-manteau-rasta,200,https://www.poshaktaranom.ir/products/woolen-teddy-manteau-rasta,https://www.poshaktaranom.ir/products/woolen-teddy-manteau-rasta,INDEXABLE,yes,0
https://www.poshaktaranom.ir/shop,انتخاب سایز,https://www.poshaktaranom.ir/products/woolen-teddy-manteau-rasta,200,https://www.poshaktaranom.ir/products/woolen-teddy-manteau-rasta,https://www.poshaktaranom.ir/products/woolen-teddy-manteau-rasta,INDEXABLE,yes,0
https://www.poshaktaranom.ir/shop,مانتو پشمی و تدی مدل رستا,https://www.poshaktaranom.ir/products/woolen-teddy-manteau-rasta,200,https://www.poshaktaranom.ir/products/woolen-teddy-manteau-rasta,https://www.poshaktaranom.ir/products/woolen-teddy-manteau-rasta,INDEXABLE,yes,0
https://www.poshaktaranom.ir/shop,,https://www.poshaktaranom.ir/products/woolen-kaftan-noora,200,https://www.poshaktaranom.ir/products/woolen-kaftan-noora,https://www.poshaktaranom.ir/products/woolen-kaftan-noora,INDEXABLE,yes,0
https://www.poshaktaranom.ir/shop,انتخاب سایز,https://www.poshaktaranom.ir/products/woolen-kaftan-noora,200,https://www.poshaktaranom.ir/products/woolen-kaftan-noora,https://www.poshaktaranom.ir/products/woolen-kaftan-noora,INDEXABLE,yes,0
https://www.poshaktaranom.ir/shop,کفتان پشمی مدل نورا,https://www.poshaktaranom.ir/products/woolen-kaftan-noora,200,https://www.poshaktaranom.ir/products/woolen-kaftan-noora,https://www.poshaktaranom.ir/products/woolen-kaftan-noora,INDEXABLE,yes,0
https://www.poshaktaranom.ir/shop,,https://www.poshaktaranom.ir/products/kapshan-bamber-65,200,https://www.poshaktaranom.ir/products/kapshan-bamber-65,https://www.poshaktaranom.ir/products/kapshan-bamber-65,INDEXABLE,yes,0
https://www.poshaktaranom.ir/shop,انتخاب سایز,https://www.poshaktaranom.ir/products/kapshan-bamber-65,200,https://www.poshaktaranom.ir/products/kapshan-bamber-65,https://www.poshaktaranom.ir/products/kapshan-bamber-65,INDEXABLE,yes,0
https://www.poshaktaranom.ir/shop,کاپشن بامبری,https://www.poshaktaranom.ir/products/kapshan-bamber-65,200,https://www.poshaktaranom.ir/products/kapshan-bamber-65,https://www.poshaktaranom.ir/products/kapshan-bamber-65,INDEXABLE,yes,0
https://www.poshaktaranom.ir/shop,,https://www.poshaktaranom.ir/products/linen-shirt-manteau-golrokh,200,https://www.poshaktaranom.ir/products/linen-shirt-manteau-golrokh,https://www.poshaktaranom.ir/products/linen-shirt-manteau-golrokh,INDEXABLE,yes,0
https://www.poshaktaranom.ir/shop,انتخاب سایز,https://www.poshaktaranom.ir/products/linen-shirt-manteau-golrokh,200,https://www.poshaktaranom.ir/products/linen-shirt-manteau-golrokh,https://www.poshaktaranom.ir/products/linen-shirt-manteau-golrokh,INDEXABLE,yes,0
https://www.poshaktaranom.ir/shop,مانتو شومیزی لینن مدل گلرخ,https://www.poshaktaranom.ir/products/linen-shirt-manteau-golrokh,200,https://www.poshaktaranom.ir/products/linen-shirt-manteau-golrokh,https://www.poshaktaranom.ir/products/linen-shirt-manteau-golrokh,INDEXABLE,yes,0
https://www.poshaktaranom.ir/shop,,https://www.poshaktaranom.ir/products/linen-embroidered-manteau-nastaran,200,https://www.poshaktaranom.ir/products/linen-embroidered-manteau-nastaran,https://www.poshaktaranom.ir/products/linen-embroidered-manteau-nastaran,INDEXABLE,yes,0
https://www.poshaktaranom.ir/shop,انتخاب سایز,https://www.poshaktaranom.ir/products/linen-embroidered-manteau-nastaran,200,https://www.poshaktaranom.ir/products/linen-embroidered-manteau-nastaran,https://www.poshaktaranom.ir/products/linen-embroidered-manteau-nastaran,INDEXABLE,yes,0
https://www.poshaktaranom.ir/shop,مانتو شومیزی خامه دوزی لینن مدل نسترن,https://www.poshaktaranom.ir/products/linen-embroidered-manteau-nastaran,200,https://www.poshaktaranom.ir/products/linen-embroidered-manteau-nastaran,https://www.poshaktaranom.ir/products/linen-embroidered-manteau-nastaran,INDEXABLE,yes,0
https://www.poshaktaranom.ir/shop,,https://www.poshaktaranom.ir/products/linen-pants-arsa,200,https://www.poshaktaranom.ir/products/linen-pants-arsa,https://www.poshaktaranom.ir/products/linen-pants-arsa,INDEXABLE,yes,0
https://www.poshaktaranom.ir/shop,انتخاب سایز,https://www.poshaktaranom.ir/products/linen-pants-arsa,200,https://www.poshaktaranom.ir/products/linen-pants-arsa,https://www.poshaktaranom.ir/products/linen-pants-arsa,INDEXABLE,yes,0
https://www.poshaktaranom.ir/shop,شلوار لینن مدل آرسا,https://www.poshaktaranom.ir/products/linen-pants-arsa,200,https://www.poshaktaranom.ir/products/linen-pants-arsa,https://www.poshaktaranom.ir/products/linen-pants-arsa,INDEXABLE,yes,0
https://www.poshaktaranom.ir/shop,,https://www.poshaktaranom.ir/products/linen-pants-hasty,200,https://www.poshaktaranom.ir/products/linen-pants-hasty,https://www.poshaktaranom.ir/products/linen-pants-hasty,INDEXABLE,yes,0
https://www.poshaktaranom.ir/shop,انتخاب سایز,https://www.poshaktaranom.ir/products/linen-pants-hasty,200,https://www.poshaktaranom.ir/products/linen-pants-hasty,https://www.poshaktaranom.ir/products/linen-pants-hasty,INDEXABLE,yes,0
https://www.poshaktaranom.ir/shop,شلوار لینن مدل هستی,https://www.poshaktaranom.ir/products/linen-pants-hasty,200,https://www.poshaktaranom.ir/products/linen-pants-hasty,https://www.poshaktaranom.ir/products/linen-pants-hasty,INDEXABLE,yes,0
https://www.poshaktaranom.ir/shop,,https://www.poshaktaranom.ir/products/cotton-crop-jacket-aramis,200,https://www.poshaktaranom.ir/products/cotton-crop-jacket-aramis,https://www.poshaktaranom.ir/products/cotton-crop-jacket-aramis,INDEXABLE,yes,0
https://www.poshaktaranom.ir/shop,انتخاب سایز,https://www.poshaktaranom.ir/products/cotton-crop-jacket-aramis,200,https://www.poshaktaranom.ir/products/cotton-crop-jacket-aramis,https://www.poshaktaranom.ir/products/cotton-crop-jacket-aramis,INDEXABLE,yes,0
https://www.poshaktaranom.ir/shop,کت کراپ کتان مدل آرامیس,https://www.poshaktaranom.ir/products/cotton-crop-jacket-aramis,200,https://www.poshaktaranom.ir/products/cotton-crop-jacket-aramis,https://www.poshaktaranom.ir/products/cotton-crop-jacket-aramis,INDEXABLE,yes,0
https://www.poshaktaranom.ir/shop,,https://www.poshaktaranom.ir/products/coats00011,200,https://www.poshaktaranom.ir/products/coats00011,https://www.poshaktaranom.ir/products/coats00011,INDEXABLE,yes,0
https://www.poshaktaranom.ir/shop,انتخاب سایز,https://www.poshaktaranom.ir/products/coats00011,200,https://www.poshaktaranom.ir/products/coats00011,https://www.poshaktaranom.ir/products/coats00011,INDEXABLE,yes,0
https://www.poshaktaranom.ir/shop,کت شنل مدل پریما,https://www.poshaktaranom.ir/products/coats00011,200,https://www.poshaktaranom.ir/products/coats00011,https://www.poshaktaranom.ir/products/coats00011,INDEXABLE,yes,0
https://www.poshaktaranom.ir/shop,,https://www.poshaktaranom.ir/products/cotton-tracksuit-set-tara,200,https://www.poshaktaranom.ir/products/cotton-tracksuit-set-tara,https://www.poshaktaranom.ir/products/cotton-tracksuit-set-tara,INDEXABLE,yes,0
https://www.poshaktaranom.ir/shop,انتخاب سایز,https://www.poshaktaranom.ir/products/cotton-tracksuit-set-tara,200,https://www.poshaktaranom.ir/products/cotton-tracksuit-set-tara,https://www.poshaktaranom.ir/products/cotton-tracksuit-set-tara,INDEXABLE,yes,0
https://www.poshaktaranom.ir/shop,سوئیشرت و شلوار دورس مدل تارا,https://www.poshaktaranom.ir/products/cotton-tracksuit-set-tara,200,https://www.poshaktaranom.ir/products/cotton-tracksuit-set-tara,https://www.poshaktaranom.ir/products/cotton-tracksuit-set-tara,INDEXABLE,yes,0
https://www.poshaktaranom.ir/shop,,https://www.poshaktaranom.ir/products/teddy-hoodie-sweatshirt-good,200,https://www.poshaktaranom.ir/products/teddy-hoodie-sweatshirt-good,https://www.poshaktaranom.ir/products/teddy-hoodie-sweatshirt-good,INDEXABLE,yes,0
https://www.poshaktaranom.ir/shop,انتخاب سایز,https://www.poshaktaranom.ir/products/teddy-hoodie-sweatshirt-good,200,https://www.poshaktaranom.ir/products/teddy-hoodie-sweatshirt-good,https://www.poshaktaranom.ir/products/teddy-hoodie-sweatshirt-good,INDEXABLE,yes,0
https://www.poshaktaranom.ir/shop,سوئیشرت تدی کلاهدار مدل گود,https://www.poshaktaranom.ir/products/teddy-hoodie-sweatshirt-good,200,https://www.poshaktaranom.ir/products/teddy-hoodie-sweatshirt-good,https://www.poshaktaranom.ir/products/teddy-hoodie-sweatshirt-good,INDEXABLE,yes,0
https://www.poshaktaranom.ir/shop,,https://www.poshaktaranom.ir/products/patterned-french-terry-shirt,200,https://www.poshaktaranom.ir/products/patterned-french-terry-shirt,https://www.poshaktaranom.ir/products/patterned-french-terry-shirt,INDEXABLE,yes,0
https://www.poshaktaranom.ir/shop,انتخاب سایز,https://www.poshaktaranom.ir/products/patterned-french-terry-shirt,200,https://www.poshaktaranom.ir/products/patterned-french-terry-shirt,https://www.poshaktaranom.ir/products/patterned-french-terry-shirt,INDEXABLE,yes,0
https://www.poshaktaranom.ir/shop,شکت فوتر طرحدار,https://www.poshaktaranom.ir/products/patterned-french-terry-shirt,200,https://www.poshaktaranom.ir/products/patterned-french-terry-shirt,https://www.poshaktaranom.ir/products/patterned-french-terry-shirt,INDEXABLE,yes,0
https://www.poshaktaranom.ir/shop,,https://www.poshaktaranom.ir/products/woolen-coat-maral,200,https://www.poshaktaranom.ir/products/woolen-coat-maral,https://www.poshaktaranom.ir/products/woolen-coat-maral,INDEXABLE,yes,0
https://www.poshaktaranom.ir/shop,انتخاب سایز,https://www.poshaktaranom.ir/products/woolen-coat-maral,200,https://www.poshaktaranom.ir/products/woolen-coat-maral,https://www.poshaktaranom.ir/products/woolen-coat-maral,INDEXABLE,yes,0
https://www.poshaktaranom.ir/shop,پالتو پشمی مدل مارال,https://www.poshaktaranom.ir/products/woolen-coat-maral,200,https://www.poshaktaranom.ir/products/woolen-coat-maral,https://www.poshaktaranom.ir/products/woolen-coat-maral,INDEXABLE,yes,0
https://www.poshaktaranom.ir/shop,,https://www.poshaktaranom.ir/products/footer-coat-arka,200,https://www.poshaktaranom.ir/products/footer-coat-arka,https://www.poshaktaranom.ir/products/footer-coat-arka,INDEXABLE,yes,0
https://www.poshaktaranom.ir/shop,انتخاب سایز,https://www.poshaktaranom.ir/products/footer-coat-arka,200,https://www.poshaktaranom.ir/products/footer-coat-arka,https://www.poshaktaranom.ir/products/footer-coat-arka,INDEXABLE,yes,0
https://www.poshaktaranom.ir/shop,کت فوتر مدل آرکا,https://www.poshaktaranom.ir/products/footer-coat-arka,200,https://www.poshaktaranom.ir/products/footer-coat-arka,https://www.poshaktaranom.ir/products/footer-coat-arka,INDEXABLE,yes,0
https://www.poshaktaranom.ir/shop,,https://www.poshaktaranom.ir/products/chenille-coat-negin,200,https://www.poshaktaranom.ir/products/chenille-coat-negin,https://www.poshaktaranom.ir/products/chenille-coat-negin,INDEXABLE,yes,0
https://www.poshaktaranom.ir/shop,انتخاب سایز,https://www.poshaktaranom.ir/products/chenille-coat-negin,200,https://www.poshaktaranom.ir/products/chenille-coat-negin,https://www.poshaktaranom.ir/products/chenille-coat-negin,INDEXABLE,yes,0
https://www.poshaktaranom.ir/shop,کت شنل مدل نگین,https://www.poshaktaranom.ir/products/chenille-coat-negin,200,https://www.poshaktaranom.ir/products/chenille-coat-negin,https://www.poshaktaranom.ir/products/chenille-coat-negin,INDEXABLE,yes,0
https://www.poshaktaranom.ir/shop,,https://www.poshaktaranom.ir/products/lyocell-jacket-jacqueline,200,https://www.poshaktaranom.ir/products/lyocell-jacket-jacqueline,https://www.poshaktaranom.ir/products/lyocell-jacket-jacqueline,INDEXABLE,yes,0
https://www.poshaktaranom.ir/shop,انتخاب سایز,https://www.poshaktaranom.ir/products/lyocell-jacket-jacqueline,200,https://www.poshaktaranom.ir/products/lyocell-jacket-jacqueline,https://www.poshaktaranom.ir/products/lyocell-jacket-jacqueline,INDEXABLE,yes,0
https://www.poshaktaranom.ir/shop,کت لایوسل مدل ژاکلین,https://www.poshaktaranom.ir/products/lyocell-jacket-jacqueline,200,https://www.poshaktaranom.ir/products/lyocell-jacket-jacqueline,https://www.poshaktaranom.ir/products/lyocell-jacket-jacqueline,INDEXABLE,yes,0
https://www.poshaktaranom.ir/shop,,https://www.poshaktaranom.ir/products/memory-lined-raincoat-110,200,https://www.poshaktaranom.ir/products/memory-lined-raincoat-110,https://www.poshaktaranom.ir/products/memory-lined-raincoat-110,INDEXABLE,yes,0
https://www.poshaktaranom.ir/shop,انتخاب سایز,https://www.poshaktaranom.ir/products/memory-lined-raincoat-110,200,https://www.poshaktaranom.ir/products/memory-lined-raincoat-110,https://www.poshaktaranom.ir/products/memory-lined-raincoat-110,INDEXABLE,yes,0
https://www.poshaktaranom.ir/shop,بارونی مموری آستردار قد 110 (رنگ ترکیبی),https://www.poshaktaranom.ir/products/memory-lined-raincoat-110,200,https://www.poshaktaranom.ir/products/memory-lined-raincoat-110,https://www.poshaktaranom.ir/products/memory-lined-raincoat-110,INDEXABLE,yes,0
https://www.poshaktaranom.ir/shop,,https://www.poshaktaranom.ir/products/woolen-overcoat-athena,200,https://www.poshaktaranom.ir/products/woolen-overcoat-athena,https://www.poshaktaranom.ir/products/woolen-overcoat-athena,INDEXABLE,yes,0
https://www.poshaktaranom.ir/shop,انتخاب سایز,https://www.poshaktaranom.ir/products/woolen-overcoat-athena,200,https://www.poshaktaranom.ir/products/woolen-overcoat-athena,https://www.poshaktaranom.ir/products/woolen-overcoat-athena,INDEXABLE,yes,0
https://www.poshaktaranom.ir/shop,اورکت پشمی مدل آتنا,https://www.poshaktaranom.ir/products/woolen-overcoat-athena,200,https://www.poshaktaranom.ir/products/woolen-overcoat-athena,https://www.poshaktaranom.ir/products/woolen-overcoat-athena,INDEXABLE,yes,0
https://www.poshaktaranom.ir/shop,,https://www.poshaktaranom.ir/products/chenille-coat-mahour,200,https://www.poshaktaranom.ir/products/chenille-coat-mahour,https://www.poshaktaranom.ir/products/chenille-coat-mahour,INDEXABLE,yes,0
https://www.poshaktaranom.ir/shop,انتخاب سایز,https://www.poshaktaranom.ir/products/chenille-coat-mahour,200,https://www.poshaktaranom.ir/products/chenille-coat-mahour,https://www.poshaktaranom.ir/products/chenille-coat-mahour,INDEXABLE,yes,0
https://www.poshaktaranom.ir/shop,کت شنل مدل ماهور,https://www.poshaktaranom.ir/products/chenille-coat-mahour,200,https://www.poshaktaranom.ir/products/chenille-coat-mahour,https://www.poshaktaranom.ir/products/chenille-coat-mahour,INDEXABLE,yes,0
https://www.poshaktaranom.ir/shop,,https://www.poshaktaranom.ir/products/tetoron-basic-shirt-sahar,200,https://www.poshaktaranom.ir/products/tetoron-basic-shirt-sahar,https://www.poshaktaranom.ir/products/tetoron-basic-shirt-sahar,INDEXABLE,yes,0
https://www.poshaktaranom.ir/shop,انتخاب سایز,https://www.poshaktaranom.ir/products/tetoron-basic-shirt-sahar,200,https://www.poshaktaranom.ir/products/tetoron-basic-shirt-sahar,https://www.poshaktaranom.ir/products/tetoron-basic-shirt-sahar,INDEXABLE,yes,0
https://www.poshaktaranom.ir/shop,پیراهن بیسیک تترون مدل سحر,https://www.poshaktaranom.ir/products/tetoron-basic-shirt-sahar,200,https://www.poshaktaranom.ir/products/tetoron-basic-shirt-sahar,https://www.poshaktaranom.ir/products/tetoron-basic-shirt-sahar,INDEXABLE,yes,0
https://www.poshaktaranom.ir/shop,صفحه بعد,https://www.poshaktaranom.ir/products?page=2,200,https://www.poshaktaranom.ir/products?page=2,https://www.poshaktaranom.ir/products,NOINDEX,yes,0
https://www.poshaktaranom.ir/retail,POSHAK TARANOM,https://www.poshaktaranom.ir/,200,https://www.poshaktaranom.ir/,https://www.poshaktaranom.ir,INDEXABLE,yes,0
https://www.poshaktaranom.ir/retail,صفحه اصلی,https://www.poshaktaranom.ir/,200,https://www.poshaktaranom.ir/,https://www.poshaktaranom.ir,INDEXABLE,yes,0
https://www.poshaktaranom.ir/retail,جدیدترین‌ها,https://www.poshaktaranom.ir/products,200,https://www.poshaktaranom.ir/products,https://www.poshaktaranom.ir/products,INDEXABLE,yes,0
https://www.poshaktaranom.ir/retail,کلکسیون,https://www.poshaktaranom.ir/collections,200,https://www.poshaktaranom.ir/collections,https://www.poshaktaranom.ir/collections,INDEXABLE,yes,0
https://www.poshaktaranom.ir/retail,وبلاگ,https://www.poshaktaranom.ir/blog,200,https://www.poshaktaranom.ir/blog,https://www.poshaktaranom.ir/blog,INDEXABLE,yes,0
https://www.poshaktaranom.ir/retail,درباره ما,https://www.poshaktaranom.ir/about,200,https://www.poshaktaranom.ir/about,https://www.poshaktaranom.ir/about,INDEXABLE,yes,0
https://www.poshaktaranom.ir/retail,تماس با ما,https://www.poshaktaranom.ir/contact,200,https://www.poshaktaranom.ir/contact,https://www.poshaktaranom.ir/contact,INDEXABLE,yes,0
https://www.poshaktaranom.ir/retail,,https://www.poshaktaranom.ir/products,200,https://www.poshaktaranom.ir/products,https://www.poshaktaranom.ir/products,INDEXABLE,yes,0
https://www.poshaktaranom.ir/retail,,https://www.poshaktaranom.ir/account,200,https://www.poshaktaranom.ir/account,,NOINDEX,yes,0
https://www.poshaktaranom.ir/retail,جدیدترین‌ها,https://www.poshaktaranom.ir/products,200,https://www.poshaktaranom.ir/products,https://www.poshaktaranom.ir/products,INDEXABLE,yes,0
https://www.poshaktaranom.ir/retail,کلکسیون‌ها,https://www.poshaktaranom.ir/collections,200,https://www.poshaktaranom.ir/collections,https://www.poshaktaranom.ir/collections,INDEXABLE,yes,0
https://www.poshaktaranom.ir/retail,مانتو,https://www.poshaktaranom.ir/products,200,https://www.poshaktaranom.ir/products,https://www.poshaktaranom.ir/products,INDEXABLE,yes,0
https://www.poshaktaranom.ir/retail,ارسال,https://www.poshaktaranom.ir/shipping,200,https://www.poshaktaranom.ir/shipping,https://www.poshaktaranom.ir/shipping,INDEXABLE,yes,0
https://www.poshaktaranom.ir/retail,مرجوعی و تعویض,https://www.poshaktaranom.ir/returns,200,https://www.poshaktaranom.ir/returns,https://www.poshaktaranom.ir/returns,INDEXABLE,yes,0
https://www.poshaktaranom.ir/retail,حساب کاربری,https://www.poshaktaranom.ir/account,200,https://www.poshaktaranom.ir/account,,NOINDEX,yes,0
https://www.poshaktaranom.ir/retail,درباره ما,https://www.poshaktaranom.ir/about,200,https://www.poshaktaranom.ir/about,https://www.poshaktaranom.ir/about,INDEXABLE,yes,0
https://www.poshaktaranom.ir/retail,تماس,https://www.poshaktaranom.ir/contact,200,https://www.poshaktaranom.ir/contact,https://www.poshaktaranom.ir/contact,INDEXABLE,yes,0
https://www.poshaktaranom.ir/retail,خرید عمده,https://poshaktaranom.com/,200,https://poshaktaranom.com/,https://poshaktaranom.com,INDEXABLE,yes,0
https://www.poshaktaranom.ir/retail,,https://trustseal.enamad.ir/?id=539366&amp;Code=30taf181eKxgXBhkF6gHyal9VAyjyXT1,,,,UNKNOWN,no,
https://www.poshaktaranom.ir/retail,مشاهده جدیدترین‌ها,https://www.poshaktaranom.ir/products,200,https://www.poshaktaranom.ir/products,https://www.poshaktaranom.ir/products,INDEXABLE,yes,0
https://www.poshaktaranom.ir/retail,ورود به سایت عمده,https://poshaktaranom.com/,200,https://poshaktaranom.com/,https://poshaktaranom.com,INDEXABLE,yes,0
https://www.poshaktaranom.ir/retail,شومیز مشاهده مجموعه,https://www.poshaktaranom.ir/products?categoryId=460d6de0-9867-45d4-91ed-19f4419c4236,200,https://www.poshaktaranom.ir/products?categoryId=460d6de0-9867-45d4-91ed-19f4419c4236,https://www.poshaktaranom.ir/products,NOINDEX,yes,0
https://www.poshaktaranom.ir/retail,کت مشاهده مجموعه,https://www.poshaktaranom.ir/products?categoryId=5a391b53-b411-4a6c-b214-9dcf8554cc6b,200,https://www.poshaktaranom.ir/products?categoryId=5a391b53-b411-4a6c-b214-9dcf8554cc6b,https://www.poshaktaranom.ir/products,NOINDEX,yes,0
https://www.poshaktaranom.ir/retail,کفتان مشاهده مجموعه,https://www.poshaktaranom.ir/products?categoryId=91007c22-7ffd-463b-ad96-3ea7ffb76b3f,200,https://www.poshaktaranom.ir/products?categoryId=91007c22-7ffd-463b-ad96-3ea7ffb76b3f,https://www.poshaktaranom.ir/products,NOINDEX,yes,0
https://www.poshaktaranom.ir/retail,شلوار مشاهده مجموعه,https://www.poshaktaranom.ir/products?categoryId=960df3e2-2ba4-4d0d-9b0c-00be8234d351,200,https://www.poshaktaranom.ir/products?categoryId=960df3e2-2ba4-4d0d-9b0c-00be8234d351,https://www.poshaktaranom.ir/products,NOINDEX,yes,0
https://www.poshaktaranom.ir/retail,دامن مشاهده مجموعه,https://www.poshaktaranom.ir/products?categoryId=c70996e3-8fc8-410e-8654-604458d710d8,200,https://www.poshaktaranom.ir/products?categoryId=c70996e3-8fc8-410e-8654-604458d710d8,https://www.poshaktaranom.ir/products,NOINDEX,yes,0
https://www.poshaktaranom.ir/retail,کت و شلوار مشاهده مجموعه,https://www.poshaktaranom.ir/products?categoryId=82087c78-d3f9-41f3-aff5-61d53bc9330f,200,https://www.poshaktaranom.ir/products?categoryId=82087c78-d3f9-41f3-aff5-61d53bc9330f,https://www.poshaktaranom.ir/products,NOINDEX,yes,0
https://www.poshaktaranom.ir/retail,کت و دامن مشاهده مجموعه,https://www.poshaktaranom.ir/products?categoryId=7907f66b-724b-4dd7-93a9-0990acfb4353,200,https://www.poshaktaranom.ir/products?categoryId=7907f66b-724b-4dd7-93a9-0990acfb4353,https://www.poshaktaranom.ir/products,NOINDEX,yes,0
https://www.poshaktaranom.ir/retail,وست و دامن مشاهده مجموعه,https://www.poshaktaranom.ir/products?categoryId=5bfe7bea-bddd-4668-96ae-6f7375fc81f2,200,https://www.poshaktaranom.ir/products?categoryId=5bfe7bea-bddd-4668-96ae-6f7375fc81f2,https://www.poshaktaranom.ir/products,NOINDEX,yes,0
https://www.poshaktaranom.ir/retail,وست و شلوار مشاهده مجموعه,https://www.poshaktaranom.ir/products?categoryId=e4c8ece6-14aa-4722-97bc-b4cb034b95b3,200,https://www.poshaktaranom.ir/products?categoryId=e4c8ece6-14aa-4722-97bc-b4cb034b95b3,https://www.poshaktaranom.ir/products,NOINDEX,yes,0
https://www.poshaktaranom.ir/retail,کاپشن و زمستانی مشاهده مجموعه,https://www.poshaktaranom.ir/products?categoryId=853ce8db-88e1-48e5-8da1-c33e1860207d,200,https://www.poshaktaranom.ir/products?categoryId=853ce8db-88e1-48e5-8da1-c33e1860207d,https://www.poshaktaranom.ir/products,NOINDEX,yes,0
https://www.poshaktaranom.ir/retail,مشاهده همه محصولات,https://www.poshaktaranom.ir/products,200,https://www.poshaktaranom.ir/products,https://www.poshaktaranom.ir/products,INDEXABLE,yes,0
https://www.poshaktaranom.ir/retail,,https://www.poshaktaranom.ir/products/linen-sport-jacket-erika,200,https://www.poshaktaranom.ir/products/linen-sport-jacket-erika,https://www.poshaktaranom.ir/products/linen-sport-jacket-erika,INDEXABLE,yes,0
https://www.poshaktaranom.ir/retail,انتخاب سایز,https://www.poshaktaranom.ir/products/linen-sport-jacket-erika,200,https://www.poshaktaranom.ir/products/linen-sport-jacket-erika,https://www.poshaktaranom.ir/products/linen-sport-jacket-erika,INDEXABLE,yes,0
https://www.poshaktaranom.ir/retail,کت اسپرت لینن مدل اریکا,https://www.poshaktaranom.ir/products/linen-sport-jacket-erika,200,https://www.poshaktaranom.ir/products/linen-sport-jacket-erika,https://www.poshaktaranom.ir/products/linen-sport-jacket-erika,INDEXABLE,yes,0
https://www.poshaktaranom.ir/retail,انتخاب سایز,https://www.poshaktaranom.ir/products/linen-sport-jacket-erika,200,https://www.poshaktaranom.ir/products/linen-sport-jacket-erika,https://www.poshaktaranom.ir/products/linen-sport-jacket-erika,INDEXABLE,yes,0
https://www.poshaktaranom.ir/retail,,https://www.poshaktaranom.ir/products/bezayagh-jacket-rose,200,https://www.poshaktaranom.ir/products/bezayagh-jacket-rose,https://www.poshaktaranom.ir/products/bezayagh-jacket-rose,INDEXABLE,yes,0
https://www.poshaktaranom.ir/retail,انتخاب سایز,https://www.poshaktaranom.ir/products/bezayagh-jacket-rose,200,https://www.poshaktaranom.ir/products/bezayagh-jacket-rose,https://www.poshaktaranom.ir/products/bezayagh-jacket-rose,INDEXABLE,yes,0
https://www.poshaktaranom.ir/retail,کت بزایاق مدل رز,https://www.poshaktaranom.ir/products/bezayagh-jacket-rose,200,https://www.poshaktaranom.ir/products/bezayagh-jacket-rose,https://www.poshaktaranom.ir/products/bezayagh-jacket-rose,INDEXABLE,yes,0
https://www.poshaktaranom.ir/retail,انتخاب سایز,https://www.poshaktaranom.ir/products/bezayagh-jacket-rose,200,https://www.poshaktaranom.ir/products/bezayagh-jacket-rose,https://www.poshaktaranom.ir/products/bezayagh-jacket-rose,INDEXABLE,yes,0
https://www.poshaktaranom.ir/retail,,https://www.poshaktaranom.ir/products/cotton-vest-pants-set-nazi,200,https://www.poshaktaranom.ir/products/cotton-vest-pants-set-nazi,https://www.poshaktaranom.ir/products/cotton-vest-pants-set-nazi,INDEXABLE,yes,0
https://www.poshaktaranom.ir/retail,انتخاب سایز,https://www.poshaktaranom.ir/products/cotton-vest-pants-set-nazi,200,https://www.poshaktaranom.ir/products/cotton-vest-pants-set-nazi,https://www.poshaktaranom.ir/products/cotton-vest-pants-set-nazi,INDEXABLE,yes,0
https://www.poshaktaranom.ir/retail,وست و شلوار کتان مدل نازی,https://www.poshaktaranom.ir/products/cotton-vest-pants-set-nazi,200,https://www.poshaktaranom.ir/products/cotton-vest-pants-set-nazi,https://www.poshaktaranom.ir/products/cotton-vest-pants-set-nazi,INDEXABLE,yes,0
https://www.poshaktaranom.ir/retail,انتخاب سایز,https://www.poshaktaranom.ir/products/cotton-vest-pants-set-nazi,200,https://www.poshaktaranom.ir/products/cotton-vest-pants-set-nazi,https://www.poshaktaranom.ir/products/cotton-vest-pants-set-nazi,INDEXABLE,yes,0
https://www.poshaktaranom.ir/retail,,https://www.poshaktaranom.ir/products/jacquard-jacket-pardis,200,https://www.poshaktaranom.ir/products/jacquard-jacket-pardis,https://www.poshaktaranom.ir/products/jacquard-jacket-pardis,INDEXABLE,yes,0
https://www.poshaktaranom.ir/retail,انتخاب سایز,https://www.poshaktaranom.ir/products/jacquard-jacket-pardis,200,https://www.poshaktaranom.ir/products/jacquard-jacket-pardis,https://www.poshaktaranom.ir/products/jacquard-jacket-pardis,INDEXABLE,yes,0
https://www.poshaktaranom.ir/retail,کت ژاکارد مدل پردیس,https://www.poshaktaranom.ir/products/jacquard-jacket-pardis,200,https://www.poshaktaranom.ir/products/jacquard-jacket-pardis,https://www.poshaktaranom.ir/products/jacquard-jacket-pardis,INDEXABLE,yes,0
https://www.poshaktaranom.ir/retail,انتخاب سایز,https://www.poshaktaranom.ir/products/jacquard-jacket-pardis,200,https://www.poshaktaranom.ir/products/jacquard-jacket-pardis,https://www.poshaktaranom.ir/products/jacquard-jacket-pardis,INDEXABLE,yes,0
https://www.poshaktaranom.ir/retail,,https://www.poshaktaranom.ir/products/woolen-teddy-manteau-rasta,200,https://www.poshaktaranom.ir/products/woolen-teddy-manteau-rasta,https://www.poshaktaranom.ir/products/woolen-teddy-manteau-rasta,INDEXABLE,yes,0
https://www.poshaktaranom.ir/retail,انتخاب سایز,https://www.poshaktaranom.ir/products/woolen-teddy-manteau-rasta,200,https://www.poshaktaranom.ir/products/woolen-teddy-manteau-rasta,https://www.poshaktaranom.ir/products/woolen-teddy-manteau-rasta,INDEXABLE,yes,0
https://www.poshaktaranom.ir/retail,مانتو پشمی و تدی مدل رستا,https://www.poshaktaranom.ir/products/woolen-teddy-manteau-rasta,200,https://www.poshaktaranom.ir/products/woolen-teddy-manteau-rasta,https://www.poshaktaranom.ir/products/woolen-teddy-manteau-rasta,INDEXABLE,yes,0
https://www.poshaktaranom.ir/retail,انتخاب سایز,https://www.poshaktaranom.ir/products/woolen-teddy-manteau-rasta,200,https://www.poshaktaranom.ir/products/woolen-teddy-manteau-rasta,https://www.poshaktaranom.ir/products/woolen-teddy-manteau-rasta,INDEXABLE,yes,0
https://www.poshaktaranom.ir/retail,,https://www.poshaktaranom.ir/products/woolen-kaftan-noora,200,https://www.poshaktaranom.ir/products/woolen-kaftan-noora,https://www.poshaktaranom.ir/products/woolen-kaftan-noora,INDEXABLE,yes,0
https://www.poshaktaranom.ir/retail,انتخاب سایز,https://www.poshaktaranom.ir/products/woolen-kaftan-noora,200,https://www.poshaktaranom.ir/products/woolen-kaftan-noora,https://www.poshaktaranom.ir/products/woolen-kaftan-noora,INDEXABLE,yes,0
https://www.poshaktaranom.ir/retail,کفتان پشمی مدل نورا,https://www.poshaktaranom.ir/products/woolen-kaftan-noora,200,https://www.poshaktaranom.ir/products/woolen-kaftan-noora,https://www.poshaktaranom.ir/products/woolen-kaftan-noora,INDEXABLE,yes,0
https://www.poshaktaranom.ir/retail,انتخاب سایز,https://www.poshaktaranom.ir/products/woolen-kaftan-noora,200,https://www.poshaktaranom.ir/products/woolen-kaftan-noora,https://www.poshaktaranom.ir/products/woolen-kaftan-noora,INDEXABLE,yes,0
https://www.poshaktaranom.ir/retail,,https://www.poshaktaranom.ir/products/kapshan-bamber-65,200,https://www.poshaktaranom.ir/products/kapshan-bamber-65,https://www.poshaktaranom.ir/products/kapshan-bamber-65,INDEXABLE,yes,0
https://www.poshaktaranom.ir/retail,انتخاب سایز,https://www.poshaktaranom.ir/products/kapshan-bamber-65,200,https://www.poshaktaranom.ir/products/kapshan-bamber-65,https://www.poshaktaranom.ir/products/kapshan-bamber-65,INDEXABLE,yes,0
https://www.poshaktaranom.ir/retail,کاپشن بامبری,https://www.poshaktaranom.ir/products/kapshan-bamber-65,200,https://www.poshaktaranom.ir/products/kapshan-bamber-65,https://www.poshaktaranom.ir/products/kapshan-bamber-65,INDEXABLE,yes,0
https://www.poshaktaranom.ir/retail,انتخاب سایز,https://www.poshaktaranom.ir/products/kapshan-bamber-65,200,https://www.poshaktaranom.ir/products/kapshan-bamber-65,https://www.poshaktaranom.ir/products/kapshan-bamber-65,INDEXABLE,yes,0
https://www.poshaktaranom.ir/retail,,https://www.poshaktaranom.ir/products/linen-shirt-manteau-golrokh,200,https://www.poshaktaranom.ir/products/linen-shirt-manteau-golrokh,https://www.poshaktaranom.ir/products/linen-shirt-manteau-golrokh,INDEXABLE,yes,0
https://www.poshaktaranom.ir/retail,انتخاب سایز,https://www.poshaktaranom.ir/products/linen-shirt-manteau-golrokh,200,https://www.poshaktaranom.ir/products/linen-shirt-manteau-golrokh,https://www.poshaktaranom.ir/products/linen-shirt-manteau-golrokh,INDEXABLE,yes,0
https://www.poshaktaranom.ir/retail,مانتو شومیزی لینن مدل گلرخ,https://www.poshaktaranom.ir/products/linen-shirt-manteau-golrokh,200,https://www.poshaktaranom.ir/products/linen-shirt-manteau-golrokh,https://www.poshaktaranom.ir/products/linen-shirt-manteau-golrokh,INDEXABLE,yes,0
https://www.poshaktaranom.ir/retail,انتخاب سایز,https://www.poshaktaranom.ir/products/linen-shirt-manteau-golrokh,200,https://www.poshaktaranom.ir/products/linen-shirt-manteau-golrokh,https://www.poshaktaranom.ir/products/linen-shirt-manteau-golrokh,INDEXABLE,yes,0
https://www.poshaktaranom.ir/retail,,https://www.poshaktaranom.ir/products/linen-embroidered-manteau-nastaran,200,https://www.poshaktaranom.ir/products/linen-embroidered-manteau-nastaran,https://www.poshaktaranom.ir/products/linen-embroidered-manteau-nastaran,INDEXABLE,yes,0
https://www.poshaktaranom.ir/retail,انتخاب سایز,https://www.poshaktaranom.ir/products/linen-embroidered-manteau-nastaran,200,https://www.poshaktaranom.ir/products/linen-embroidered-manteau-nastaran,https://www.poshaktaranom.ir/products/linen-embroidered-manteau-nastaran,INDEXABLE,yes,0
https://www.poshaktaranom.ir/retail,مانتو شومیزی خامه دوزی لینن مدل نسترن,https://www.poshaktaranom.ir/products/linen-embroidered-manteau-nastaran,200,https://www.poshaktaranom.ir/products/linen-embroidered-manteau-nastaran,https://www.poshaktaranom.ir/products/linen-embroidered-manteau-nastaran,INDEXABLE,yes,0
https://www.poshaktaranom.ir/retail,انتخاب سایز,https://www.poshaktaranom.ir/products/linen-embroidered-manteau-nastaran,200,https://www.poshaktaranom.ir/products/linen-embroidered-manteau-nastaran,https://www.poshaktaranom.ir/products/linen-embroidered-manteau-nastaran,INDEXABLE,yes,0
https://www.poshaktaranom.ir/retail,,https://www.poshaktaranom.ir/products/linen-pants-arsa,200,https://www.poshaktaranom.ir/products/linen-pants-arsa,https://www.poshaktaranom.ir/products/linen-pants-arsa,INDEXABLE,yes,0
https://www.poshaktaranom.ir/retail,انتخاب سایز,https://www.poshaktaranom.ir/products/linen-pants-arsa,200,https://www.poshaktaranom.ir/products/linen-pants-arsa,https://www.poshaktaranom.ir/products/linen-pants-arsa,INDEXABLE,yes,0
https://www.poshaktaranom.ir/retail,شلوار لینن مدل آرسا,https://www.poshaktaranom.ir/products/linen-pants-arsa,200,https://www.poshaktaranom.ir/products/linen-pants-arsa,https://www.poshaktaranom.ir/products/linen-pants-arsa,INDEXABLE,yes,0
https://www.poshaktaranom.ir/retail,انتخاب سایز,https://www.poshaktaranom.ir/products/linen-pants-arsa,200,https://www.poshaktaranom.ir/products/linen-pants-arsa,https://www.poshaktaranom.ir/products/linen-pants-arsa,INDEXABLE,yes,0
https://www.poshaktaranom.ir/retail,,https://www.poshaktaranom.ir/products/linen-pants-hasty,200,https://www.poshaktaranom.ir/products/linen-pants-hasty,https://www.poshaktaranom.ir/products/linen-pants-hasty,INDEXABLE,yes,0
https://www.poshaktaranom.ir/retail,انتخاب سایز,https://www.poshaktaranom.ir/products/linen-pants-hasty,200,https://www.poshaktaranom.ir/products/linen-pants-hasty,https://www.poshaktaranom.ir/products/linen-pants-hasty,INDEXABLE,yes,0
https://www.poshaktaranom.ir/retail,شلوار لینن مدل هستی,https://www.poshaktaranom.ir/products/linen-pants-hasty,200,https://www.poshaktaranom.ir/products/linen-pants-hasty,https://www.poshaktaranom.ir/products/linen-pants-hasty,INDEXABLE,yes,0
https://www.poshaktaranom.ir/retail,انتخاب سایز,https://www.poshaktaranom.ir/products/linen-pants-hasty,200,https://www.poshaktaranom.ir/products/linen-pants-hasty,https://www.poshaktaranom.ir/products/linen-pants-hasty,INDEXABLE,yes,0
https://www.poshaktaranom.ir/retail,,https://www.poshaktaranom.ir/products/cotton-crop-jacket-aramis,200,https://www.poshaktaranom.ir/products/cotton-crop-jacket-aramis,https://www.poshaktaranom.ir/products/cotton-crop-jacket-aramis,INDEXABLE,yes,0
https://www.poshaktaranom.ir/retail,انتخاب سایز,https://www.poshaktaranom.ir/products/cotton-crop-jacket-aramis,200,https://www.poshaktaranom.ir/products/cotton-crop-jacket-aramis,https://www.poshaktaranom.ir/products/cotton-crop-jacket-aramis,INDEXABLE,yes,0
https://www.poshaktaranom.ir/retail,کت کراپ کتان مدل آرامیس,https://www.poshaktaranom.ir/products/cotton-crop-jacket-aramis,200,https://www.poshaktaranom.ir/products/cotton-crop-jacket-aramis,https://www.poshaktaranom.ir/products/cotton-crop-jacket-aramis,INDEXABLE,yes,0
https://www.poshaktaranom.ir/retail,انتخاب سایز,https://www.poshaktaranom.ir/products/cotton-crop-jacket-aramis,200,https://www.poshaktaranom.ir/products/cotton-crop-jacket-aramis,https://www.poshaktaranom.ir/products/cotton-crop-jacket-aramis,INDEXABLE,yes,0
https://www.poshaktaranom.ir/retail/products,POSHAK TARANOM,https://www.poshaktaranom.ir/,200,https://www.poshaktaranom.ir/,https://www.poshaktaranom.ir,INDEXABLE,yes,0
https://www.poshaktaranom.ir/retail/products,صفحه اصلی,https://www.poshaktaranom.ir/,200,https://www.poshaktaranom.ir/,https://www.poshaktaranom.ir,INDEXABLE,yes,0
https://www.poshaktaranom.ir/retail/products,جدیدترین‌ها,https://www.poshaktaranom.ir/products,200,https://www.poshaktaranom.ir/products,https://www.poshaktaranom.ir/products,INDEXABLE,yes,0
https://www.poshaktaranom.ir/retail/products,کلکسیون,https://www.poshaktaranom.ir/collections,200,https://www.poshaktaranom.ir/collections,https://www.poshaktaranom.ir/collections,INDEXABLE,yes,0
https://www.poshaktaranom.ir/retail/products,وبلاگ,https://www.poshaktaranom.ir/blog,200,https://www.poshaktaranom.ir/blog,https://www.poshaktaranom.ir/blog,INDEXABLE,yes,0
https://www.poshaktaranom.ir/retail/products,درباره ما,https://www.poshaktaranom.ir/about,200,https://www.poshaktaranom.ir/about,https://www.poshaktaranom.ir/about,INDEXABLE,yes,0
https://www.poshaktaranom.ir/retail/products,تماس با ما,https://www.poshaktaranom.ir/contact,200,https://www.poshaktaranom.ir/contact,https://www.poshaktaranom.ir/contact,INDEXABLE,yes,0
https://www.poshaktaranom.ir/retail/products,,https://www.poshaktaranom.ir/products,200,https://www.poshaktaranom.ir/products,https://www.poshaktaranom.ir/products,INDEXABLE,yes,0
https://www.poshaktaranom.ir/retail/products,,https://www.poshaktaranom.ir/account,200,https://www.poshaktaranom.ir/account,,NOINDEX,yes,0
https://www.poshaktaranom.ir/retail/products,جدیدترین‌ها,https://www.poshaktaranom.ir/products,200,https://www.poshaktaranom.ir/products,https://www.poshaktaranom.ir/products,INDEXABLE,yes,0
https://www.poshaktaranom.ir/retail/products,کلکسیون‌ها,https://www.poshaktaranom.ir/collections,200,https://www.poshaktaranom.ir/collections,https://www.poshaktaranom.ir/collections,INDEXABLE,yes,0
https://www.poshaktaranom.ir/retail/products,مانتو,https://www.poshaktaranom.ir/products,200,https://www.poshaktaranom.ir/products,https://www.poshaktaranom.ir/products,INDEXABLE,yes,0
https://www.poshaktaranom.ir/retail/products,ارسال,https://www.poshaktaranom.ir/shipping,200,https://www.poshaktaranom.ir/shipping,https://www.poshaktaranom.ir/shipping,INDEXABLE,yes,0
https://www.poshaktaranom.ir/retail/products,مرجوعی و تعویض,https://www.poshaktaranom.ir/returns,200,https://www.poshaktaranom.ir/returns,https://www.poshaktaranom.ir/returns,INDEXABLE,yes,0
https://www.poshaktaranom.ir/retail/products,حساب کاربری,https://www.poshaktaranom.ir/account,200,https://www.poshaktaranom.ir/account,,NOINDEX,yes,0
https://www.poshaktaranom.ir/retail/products,درباره ما,https://www.poshaktaranom.ir/about,200,https://www.poshaktaranom.ir/about,https://www.poshaktaranom.ir/about,INDEXABLE,yes,0
https://www.poshaktaranom.ir/retail/products,تماس,https://www.poshaktaranom.ir/contact,200,https://www.poshaktaranom.ir/contact,https://www.poshaktaranom.ir/contact,INDEXABLE,yes,0
https://www.poshaktaranom.ir/retail/products,خرید عمده,https://poshaktaranom.com/,200,https://poshaktaranom.com/,https://poshaktaranom.com,INDEXABLE,yes,0
https://www.poshaktaranom.ir/retail/products,,https://trustseal.enamad.ir/?id=539366&amp;Code=30taf181eKxgXBhkF6gHyal9VAyjyXT1,,,,UNKNOWN,no,
https://www.poshaktaranom.ir/retail/products,,https://www.poshaktaranom.ir/products/linen-sport-jacket-erika,200,https://www.poshaktaranom.ir/products/linen-sport-jacket-erika,https://www.poshaktaranom.ir/products/linen-sport-jacket-erika,INDEXABLE,yes,0
https://www.poshaktaranom.ir/retail/products,انتخاب سایز,https://www.poshaktaranom.ir/products/linen-sport-jacket-erika,200,https://www.poshaktaranom.ir/products/linen-sport-jacket-erika,https://www.poshaktaranom.ir/products/linen-sport-jacket-erika,INDEXABLE,yes,0
https://www.poshaktaranom.ir/retail/products,کت اسپرت لینن مدل اریکا,https://www.poshaktaranom.ir/products/linen-sport-jacket-erika,200,https://www.poshaktaranom.ir/products/linen-sport-jacket-erika,https://www.poshaktaranom.ir/products/linen-sport-jacket-erika,INDEXABLE,yes,0
https://www.poshaktaranom.ir/retail/products,,https://www.poshaktaranom.ir/products/bezayagh-jacket-rose,200,https://www.poshaktaranom.ir/products/bezayagh-jacket-rose,https://www.poshaktaranom.ir/products/bezayagh-jacket-rose,INDEXABLE,yes,0
https://www.poshaktaranom.ir/retail/products,انتخاب سایز,https://www.poshaktaranom.ir/products/bezayagh-jacket-rose,200,https://www.poshaktaranom.ir/products/bezayagh-jacket-rose,https://www.poshaktaranom.ir/products/bezayagh-jacket-rose,INDEXABLE,yes,0
https://www.poshaktaranom.ir/retail/products,کت بزایاق مدل رز,https://www.poshaktaranom.ir/products/bezayagh-jacket-rose,200,https://www.poshaktaranom.ir/products/bezayagh-jacket-rose,https://www.poshaktaranom.ir/products/bezayagh-jacket-rose,INDEXABLE,yes,0
https://www.poshaktaranom.ir/retail/products,,https://www.poshaktaranom.ir/products/cotton-vest-pants-set-nazi,200,https://www.poshaktaranom.ir/products/cotton-vest-pants-set-nazi,https://www.poshaktaranom.ir/products/cotton-vest-pants-set-nazi,INDEXABLE,yes,0
https://www.poshaktaranom.ir/retail/products,انتخاب سایز,https://www.poshaktaranom.ir/products/cotton-vest-pants-set-nazi,200,https://www.poshaktaranom.ir/products/cotton-vest-pants-set-nazi,https://www.poshaktaranom.ir/products/cotton-vest-pants-set-nazi,INDEXABLE,yes,0
https://www.poshaktaranom.ir/retail/products,وست و شلوار کتان مدل نازی,https://www.poshaktaranom.ir/products/cotton-vest-pants-set-nazi,200,https://www.poshaktaranom.ir/products/cotton-vest-pants-set-nazi,https://www.poshaktaranom.ir/products/cotton-vest-pants-set-nazi,INDEXABLE,yes,0
https://www.poshaktaranom.ir/retail/products,,https://www.poshaktaranom.ir/products/jacquard-jacket-pardis,200,https://www.poshaktaranom.ir/products/jacquard-jacket-pardis,https://www.poshaktaranom.ir/products/jacquard-jacket-pardis,INDEXABLE,yes,0
https://www.poshaktaranom.ir/retail/products,انتخاب سایز,https://www.poshaktaranom.ir/products/jacquard-jacket-pardis,200,https://www.poshaktaranom.ir/products/jacquard-jacket-pardis,https://www.poshaktaranom.ir/products/jacquard-jacket-pardis,INDEXABLE,yes,0
https://www.poshaktaranom.ir/retail/products,کت ژاکارد مدل پردیس,https://www.poshaktaranom.ir/products/jacquard-jacket-pardis,200,https://www.poshaktaranom.ir/products/jacquard-jacket-pardis,https://www.poshaktaranom.ir/products/jacquard-jacket-pardis,INDEXABLE,yes,0
https://www.poshaktaranom.ir/retail/products,,https://www.poshaktaranom.ir/products/woolen-teddy-manteau-rasta,200,https://www.poshaktaranom.ir/products/woolen-teddy-manteau-rasta,https://www.poshaktaranom.ir/products/woolen-teddy-manteau-rasta,INDEXABLE,yes,0
https://www.poshaktaranom.ir/retail/products,انتخاب سایز,https://www.poshaktaranom.ir/products/woolen-teddy-manteau-rasta,200,https://www.poshaktaranom.ir/products/woolen-teddy-manteau-rasta,https://www.poshaktaranom.ir/products/woolen-teddy-manteau-rasta,INDEXABLE,yes,0
https://www.poshaktaranom.ir/retail/products,مانتو پشمی و تدی مدل رستا,https://www.poshaktaranom.ir/products/woolen-teddy-manteau-rasta,200,https://www.poshaktaranom.ir/products/woolen-teddy-manteau-rasta,https://www.poshaktaranom.ir/products/woolen-teddy-manteau-rasta,INDEXABLE,yes,0
https://www.poshaktaranom.ir/retail/products,,https://www.poshaktaranom.ir/products/woolen-kaftan-noora,200,https://www.poshaktaranom.ir/products/woolen-kaftan-noora,https://www.poshaktaranom.ir/products/woolen-kaftan-noora,INDEXABLE,yes,0
https://www.poshaktaranom.ir/retail/products,انتخاب سایز,https://www.poshaktaranom.ir/products/woolen-kaftan-noora,200,https://www.poshaktaranom.ir/products/woolen-kaftan-noora,https://www.poshaktaranom.ir/products/woolen-kaftan-noora,INDEXABLE,yes,0
https://www.poshaktaranom.ir/retail/products,کفتان پشمی مدل نورا,https://www.poshaktaranom.ir/products/woolen-kaftan-noora,200,https://www.poshaktaranom.ir/products/woolen-kaftan-noora,https://www.poshaktaranom.ir/products/woolen-kaftan-noora,INDEXABLE,yes,0
https://www.poshaktaranom.ir/retail/products,,https://www.poshaktaranom.ir/products/kapshan-bamber-65,200,https://www.poshaktaranom.ir/products/kapshan-bamber-65,https://www.poshaktaranom.ir/products/kapshan-bamber-65,INDEXABLE,yes,0
https://www.poshaktaranom.ir/retail/products,انتخاب سایز,https://www.poshaktaranom.ir/products/kapshan-bamber-65,200,https://www.poshaktaranom.ir/products/kapshan-bamber-65,https://www.poshaktaranom.ir/products/kapshan-bamber-65,INDEXABLE,yes,0
https://www.poshaktaranom.ir/retail/products,کاپشن بامبری,https://www.poshaktaranom.ir/products/kapshan-bamber-65,200,https://www.poshaktaranom.ir/products/kapshan-bamber-65,https://www.poshaktaranom.ir/products/kapshan-bamber-65,INDEXABLE,yes,0
https://www.poshaktaranom.ir/retail/products,,https://www.poshaktaranom.ir/products/linen-shirt-manteau-golrokh,200,https://www.poshaktaranom.ir/products/linen-shirt-manteau-golrokh,https://www.poshaktaranom.ir/products/linen-shirt-manteau-golrokh,INDEXABLE,yes,0
https://www.poshaktaranom.ir/retail/products,انتخاب سایز,https://www.poshaktaranom.ir/products/linen-shirt-manteau-golrokh,200,https://www.poshaktaranom.ir/products/linen-shirt-manteau-golrokh,https://www.poshaktaranom.ir/products/linen-shirt-manteau-golrokh,INDEXABLE,yes,0
https://www.poshaktaranom.ir/retail/products,مانتو شومیزی لینن مدل گلرخ,https://www.poshaktaranom.ir/products/linen-shirt-manteau-golrokh,200,https://www.poshaktaranom.ir/products/linen-shirt-manteau-golrokh,https://www.poshaktaranom.ir/products/linen-shirt-manteau-golrokh,INDEXABLE,yes,0
https://www.poshaktaranom.ir/retail/products,,https://www.poshaktaranom.ir/products/linen-embroidered-manteau-nastaran,200,https://www.poshaktaranom.ir/products/linen-embroidered-manteau-nastaran,https://www.poshaktaranom.ir/products/linen-embroidered-manteau-nastaran,INDEXABLE,yes,0
https://www.poshaktaranom.ir/retail/products,انتخاب سایز,https://www.poshaktaranom.ir/products/linen-embroidered-manteau-nastaran,200,https://www.poshaktaranom.ir/products/linen-embroidered-manteau-nastaran,https://www.poshaktaranom.ir/products/linen-embroidered-manteau-nastaran,INDEXABLE,yes,0
https://www.poshaktaranom.ir/retail/products,مانتو شومیزی خامه دوزی لینن مدل نسترن,https://www.poshaktaranom.ir/products/linen-embroidered-manteau-nastaran,200,https://www.poshaktaranom.ir/products/linen-embroidered-manteau-nastaran,https://www.poshaktaranom.ir/products/linen-embroidered-manteau-nastaran,INDEXABLE,yes,0
https://www.poshaktaranom.ir/retail/products,,https://www.poshaktaranom.ir/products/linen-pants-arsa,200,https://www.poshaktaranom.ir/products/linen-pants-arsa,https://www.poshaktaranom.ir/products/linen-pants-arsa,INDEXABLE,yes,0
https://www.poshaktaranom.ir/retail/products,انتخاب سایز,https://www.poshaktaranom.ir/products/linen-pants-arsa,200,https://www.poshaktaranom.ir/products/linen-pants-arsa,https://www.poshaktaranom.ir/products/linen-pants-arsa,INDEXABLE,yes,0
https://www.poshaktaranom.ir/retail/products,شلوار لینن مدل آرسا,https://www.poshaktaranom.ir/products/linen-pants-arsa,200,https://www.poshaktaranom.ir/products/linen-pants-arsa,https://www.poshaktaranom.ir/products/linen-pants-arsa,INDEXABLE,yes,0
https://www.poshaktaranom.ir/retail/products,,https://www.poshaktaranom.ir/products/linen-pants-hasty,200,https://www.poshaktaranom.ir/products/linen-pants-hasty,https://www.poshaktaranom.ir/products/linen-pants-hasty,INDEXABLE,yes,0
https://www.poshaktaranom.ir/retail/products,انتخاب سایز,https://www.poshaktaranom.ir/products/linen-pants-hasty,200,https://www.poshaktaranom.ir/products/linen-pants-hasty,https://www.poshaktaranom.ir/products/linen-pants-hasty,INDEXABLE,yes,0
https://www.poshaktaranom.ir/retail/products,شلوار لینن مدل هستی,https://www.poshaktaranom.ir/products/linen-pants-hasty,200,https://www.poshaktaranom.ir/products/linen-pants-hasty,https://www.poshaktaranom.ir/products/linen-pants-hasty,INDEXABLE,yes,0
https://www.poshaktaranom.ir/retail/products,,https://www.poshaktaranom.ir/products/cotton-crop-jacket-aramis,200,https://www.poshaktaranom.ir/products/cotton-crop-jacket-aramis,https://www.poshaktaranom.ir/products/cotton-crop-jacket-aramis,INDEXABLE,yes,0
https://www.poshaktaranom.ir/retail/products,انتخاب سایز,https://www.poshaktaranom.ir/products/cotton-crop-jacket-aramis,200,https://www.poshaktaranom.ir/products/cotton-crop-jacket-aramis,https://www.poshaktaranom.ir/products/cotton-crop-jacket-aramis,INDEXABLE,yes,0
https://www.poshaktaranom.ir/retail/products,کت کراپ کتان مدل آرامیس,https://www.poshaktaranom.ir/products/cotton-crop-jacket-aramis,200,https://www.poshaktaranom.ir/products/cotton-crop-jacket-aramis,https://www.poshaktaranom.ir/products/cotton-crop-jacket-aramis,INDEXABLE,yes,0
https://www.poshaktaranom.ir/retail/products,,https://www.poshaktaranom.ir/products/coats00011,200,https://www.poshaktaranom.ir/products/coats00011,https://www.poshaktaranom.ir/products/coats00011,INDEXABLE,yes,0
https://www.poshaktaranom.ir/retail/products,انتخاب سایز,https://www.poshaktaranom.ir/products/coats00011,200,https://www.poshaktaranom.ir/products/coats00011,https://www.poshaktaranom.ir/products/coats00011,INDEXABLE,yes,0
https://www.poshaktaranom.ir/retail/products,کت شنل مدل پریما,https://www.poshaktaranom.ir/products/coats00011,200,https://www.poshaktaranom.ir/products/coats00011,https://www.poshaktaranom.ir/products/coats00011,INDEXABLE,yes,0
https://www.poshaktaranom.ir/retail/products,,https://www.poshaktaranom.ir/products/cotton-tracksuit-set-tara,200,https://www.poshaktaranom.ir/products/cotton-tracksuit-set-tara,https://www.poshaktaranom.ir/products/cotton-tracksuit-set-tara,INDEXABLE,yes,0
https://www.poshaktaranom.ir/retail/products,انتخاب سایز,https://www.poshaktaranom.ir/products/cotton-tracksuit-set-tara,200,https://www.poshaktaranom.ir/products/cotton-tracksuit-set-tara,https://www.poshaktaranom.ir/products/cotton-tracksuit-set-tara,INDEXABLE,yes,0
https://www.poshaktaranom.ir/retail/products,سوئیشرت و شلوار دورس مدل تارا,https://www.poshaktaranom.ir/products/cotton-tracksuit-set-tara,200,https://www.poshaktaranom.ir/products/cotton-tracksuit-set-tara,https://www.poshaktaranom.ir/products/cotton-tracksuit-set-tara,INDEXABLE,yes,0
https://www.poshaktaranom.ir/retail/products,,https://www.poshaktaranom.ir/products/teddy-hoodie-sweatshirt-good,200,https://www.poshaktaranom.ir/products/teddy-hoodie-sweatshirt-good,https://www.poshaktaranom.ir/products/teddy-hoodie-sweatshirt-good,INDEXABLE,yes,0
https://www.poshaktaranom.ir/retail/products,انتخاب سایز,https://www.poshaktaranom.ir/products/teddy-hoodie-sweatshirt-good,200,https://www.poshaktaranom.ir/products/teddy-hoodie-sweatshirt-good,https://www.poshaktaranom.ir/products/teddy-hoodie-sweatshirt-good,INDEXABLE,yes,0
https://www.poshaktaranom.ir/retail/products,سوئیشرت تدی کلاهدار مدل گود,https://www.poshaktaranom.ir/products/teddy-hoodie-sweatshirt-good,200,https://www.poshaktaranom.ir/products/teddy-hoodie-sweatshirt-good,https://www.poshaktaranom.ir/products/teddy-hoodie-sweatshirt-good,INDEXABLE,yes,0
https://www.poshaktaranom.ir/retail/products,,https://www.poshaktaranom.ir/products/patterned-french-terry-shirt,200,https://www.poshaktaranom.ir/products/patterned-french-terry-shirt,https://www.poshaktaranom.ir/products/patterned-french-terry-shirt,INDEXABLE,yes,0
https://www.poshaktaranom.ir/retail/products,انتخاب سایز,https://www.poshaktaranom.ir/products/patterned-french-terry-shirt,200,https://www.poshaktaranom.ir/products/patterned-french-terry-shirt,https://www.poshaktaranom.ir/products/patterned-french-terry-shirt,INDEXABLE,yes,0
https://www.poshaktaranom.ir/retail/products,شکت فوتر طرحدار,https://www.poshaktaranom.ir/products/patterned-french-terry-shirt,200,https://www.poshaktaranom.ir/products/patterned-french-terry-shirt,https://www.poshaktaranom.ir/products/patterned-french-terry-shirt,INDEXABLE,yes,0
https://www.poshaktaranom.ir/retail/products,,https://www.poshaktaranom.ir/products/woolen-coat-maral,200,https://www.poshaktaranom.ir/products/woolen-coat-maral,https://www.poshaktaranom.ir/products/woolen-coat-maral,INDEXABLE,yes,0
https://www.poshaktaranom.ir/retail/products,انتخاب سایز,https://www.poshaktaranom.ir/products/woolen-coat-maral,200,https://www.poshaktaranom.ir/products/woolen-coat-maral,https://www.poshaktaranom.ir/products/woolen-coat-maral,INDEXABLE,yes,0
https://www.poshaktaranom.ir/retail/products,پالتو پشمی مدل مارال,https://www.poshaktaranom.ir/products/woolen-coat-maral,200,https://www.poshaktaranom.ir/products/woolen-coat-maral,https://www.poshaktaranom.ir/products/woolen-coat-maral,INDEXABLE,yes,0
https://www.poshaktaranom.ir/retail/products,,https://www.poshaktaranom.ir/products/footer-coat-arka,200,https://www.poshaktaranom.ir/products/footer-coat-arka,https://www.poshaktaranom.ir/products/footer-coat-arka,INDEXABLE,yes,0
https://www.poshaktaranom.ir/retail/products,انتخاب سایز,https://www.poshaktaranom.ir/products/footer-coat-arka,200,https://www.poshaktaranom.ir/products/footer-coat-arka,https://www.poshaktaranom.ir/products/footer-coat-arka,INDEXABLE,yes,0
https://www.poshaktaranom.ir/retail/products,کت فوتر مدل آرکا,https://www.poshaktaranom.ir/products/footer-coat-arka,200,https://www.poshaktaranom.ir/products/footer-coat-arka,https://www.poshaktaranom.ir/products/footer-coat-arka,INDEXABLE,yes,0
https://www.poshaktaranom.ir/retail/products,,https://www.poshaktaranom.ir/products/chenille-coat-negin,200,https://www.poshaktaranom.ir/products/chenille-coat-negin,https://www.poshaktaranom.ir/products/chenille-coat-negin,INDEXABLE,yes,0
https://www.poshaktaranom.ir/retail/products,انتخاب سایز,https://www.poshaktaranom.ir/products/chenille-coat-negin,200,https://www.poshaktaranom.ir/products/chenille-coat-negin,https://www.poshaktaranom.ir/products/chenille-coat-negin,INDEXABLE,yes,0
https://www.poshaktaranom.ir/retail/products,کت شنل مدل نگین,https://www.poshaktaranom.ir/products/chenille-coat-negin,200,https://www.poshaktaranom.ir/products/chenille-coat-negin,https://www.poshaktaranom.ir/products/chenille-coat-negin,INDEXABLE,yes,0
https://www.poshaktaranom.ir/retail/products,,https://www.poshaktaranom.ir/products/lyocell-jacket-jacqueline,200,https://www.poshaktaranom.ir/products/lyocell-jacket-jacqueline,https://www.poshaktaranom.ir/products/lyocell-jacket-jacqueline,INDEXABLE,yes,0
https://www.poshaktaranom.ir/retail/products,انتخاب سایز,https://www.poshaktaranom.ir/products/lyocell-jacket-jacqueline,200,https://www.poshaktaranom.ir/products/lyocell-jacket-jacqueline,https://www.poshaktaranom.ir/products/lyocell-jacket-jacqueline,INDEXABLE,yes,0
https://www.poshaktaranom.ir/retail/products,کت لایوسل مدل ژاکلین,https://www.poshaktaranom.ir/products/lyocell-jacket-jacqueline,200,https://www.poshaktaranom.ir/products/lyocell-jacket-jacqueline,https://www.poshaktaranom.ir/products/lyocell-jacket-jacqueline,INDEXABLE,yes,0
https://www.poshaktaranom.ir/retail/products,,https://www.poshaktaranom.ir/products/memory-lined-raincoat-110,200,https://www.poshaktaranom.ir/products/memory-lined-raincoat-110,https://www.poshaktaranom.ir/products/memory-lined-raincoat-110,INDEXABLE,yes,0
https://www.poshaktaranom.ir/retail/products,انتخاب سایز,https://www.poshaktaranom.ir/products/memory-lined-raincoat-110,200,https://www.poshaktaranom.ir/products/memory-lined-raincoat-110,https://www.poshaktaranom.ir/products/memory-lined-raincoat-110,INDEXABLE,yes,0
https://www.poshaktaranom.ir/retail/products,بارونی مموری آستردار قد 110 (رنگ ترکیبی),https://www.poshaktaranom.ir/products/memory-lined-raincoat-110,200,https://www.poshaktaranom.ir/products/memory-lined-raincoat-110,https://www.poshaktaranom.ir/products/memory-lined-raincoat-110,INDEXABLE,yes,0
https://www.poshaktaranom.ir/retail/products,,https://www.poshaktaranom.ir/products/woolen-overcoat-athena,200,https://www.poshaktaranom.ir/products/woolen-overcoat-athena,https://www.poshaktaranom.ir/products/woolen-overcoat-athena,INDEXABLE,yes,0
https://www.poshaktaranom.ir/retail/products,انتخاب سایز,https://www.poshaktaranom.ir/products/woolen-overcoat-athena,200,https://www.poshaktaranom.ir/products/woolen-overcoat-athena,https://www.poshaktaranom.ir/products/woolen-overcoat-athena,INDEXABLE,yes,0
https://www.poshaktaranom.ir/retail/products,اورکت پشمی مدل آتنا,https://www.poshaktaranom.ir/products/woolen-overcoat-athena,200,https://www.poshaktaranom.ir/products/woolen-overcoat-athena,https://www.poshaktaranom.ir/products/woolen-overcoat-athena,INDEXABLE,yes,0
https://www.poshaktaranom.ir/retail/products,,https://www.poshaktaranom.ir/products/chenille-coat-mahour,200,https://www.poshaktaranom.ir/products/chenille-coat-mahour,https://www.poshaktaranom.ir/products/chenille-coat-mahour,INDEXABLE,yes,0
https://www.poshaktaranom.ir/retail/products,انتخاب سایز,https://www.poshaktaranom.ir/products/chenille-coat-mahour,200,https://www.poshaktaranom.ir/products/chenille-coat-mahour,https://www.poshaktaranom.ir/products/chenille-coat-mahour,INDEXABLE,yes,0
https://www.poshaktaranom.ir/retail/products,کت شنل مدل ماهور,https://www.poshaktaranom.ir/products/chenille-coat-mahour,200,https://www.poshaktaranom.ir/products/chenille-coat-mahour,https://www.poshaktaranom.ir/products/chenille-coat-mahour,INDEXABLE,yes,0
https://www.poshaktaranom.ir/retail/products,,https://www.poshaktaranom.ir/products/tetoron-basic-shirt-sahar,200,https://www.poshaktaranom.ir/products/tetoron-basic-shirt-sahar,https://www.poshaktaranom.ir/products/tetoron-basic-shirt-sahar,INDEXABLE,yes,0
https://www.poshaktaranom.ir/retail/products,انتخاب سایز,https://www.poshaktaranom.ir/products/tetoron-basic-shirt-sahar,200,https://www.poshaktaranom.ir/products/tetoron-basic-shirt-sahar,https://www.poshaktaranom.ir/products/tetoron-basic-shirt-sahar,INDEXABLE,yes,0
https://www.poshaktaranom.ir/retail/products,پیراهن بیسیک تترون مدل سحر,https://www.poshaktaranom.ir/products/tetoron-basic-shirt-sahar,200,https://www.poshaktaranom.ir/products/tetoron-basic-shirt-sahar,https://www.poshaktaranom.ir/products/tetoron-basic-shirt-sahar,INDEXABLE,yes,0
https://www.poshaktaranom.ir/retail/products,صفحه بعد,https://www.poshaktaranom.ir/products?page=2,200,https://www.poshaktaranom.ir/products?page=2,https://www.poshaktaranom.ir/products,NOINDEX,yes,0
https://www.poshaktaranom.ir/products/linen-sport-jacket-erika,POSHAK TARANOM,https://www.poshaktaranom.ir/,200,https://www.poshaktaranom.ir/,https://www.poshaktaranom.ir,INDEXABLE,yes,0
https://www.poshaktaranom.ir/products/linen-sport-jacket-erika,صفحه اصلی,https://www.poshaktaranom.ir/,200,https://www.poshaktaranom.ir/,https://www.poshaktaranom.ir,INDEXABLE,yes,0
https://www.poshaktaranom.ir/products/linen-sport-jacket-erika,جدیدترین‌ها,https://www.poshaktaranom.ir/products,200,https://www.poshaktaranom.ir/products,https://www.poshaktaranom.ir/products,INDEXABLE,yes,0
https://www.poshaktaranom.ir/products/linen-sport-jacket-erika,کلکسیون,https://www.poshaktaranom.ir/collections,200,https://www.poshaktaranom.ir/collections,https://www.poshaktaranom.ir/collections,INDEXABLE,yes,0
https://www.poshaktaranom.ir/products/linen-sport-jacket-erika,وبلاگ,https://www.poshaktaranom.ir/blog,200,https://www.poshaktaranom.ir/blog,https://www.poshaktaranom.ir/blog,INDEXABLE,yes,0
https://www.poshaktaranom.ir/products/linen-sport-jacket-erika,درباره ما,https://www.poshaktaranom.ir/about,200,https://www.poshaktaranom.ir/about,https://www.poshaktaranom.ir/about,INDEXABLE,yes,0
https://www.poshaktaranom.ir/products/linen-sport-jacket-erika,تماس با ما,https://www.poshaktaranom.ir/contact,200,https://www.poshaktaranom.ir/contact,https://www.poshaktaranom.ir/contact,INDEXABLE,yes,0
https://www.poshaktaranom.ir/products/linen-sport-jacket-erika,,https://www.poshaktaranom.ir/products,200,https://www.poshaktaranom.ir/products,https://www.poshaktaranom.ir/products,INDEXABLE,yes,0
https://www.poshaktaranom.ir/products/linen-sport-jacket-erika,,https://www.poshaktaranom.ir/account,200,https://www.poshaktaranom.ir/account,,NOINDEX,yes,0
https://www.poshaktaranom.ir/products/linen-sport-jacket-erika,جدیدترین‌ها,https://www.poshaktaranom.ir/products,200,https://www.poshaktaranom.ir/products,https://www.poshaktaranom.ir/products,INDEXABLE,yes,0
https://www.poshaktaranom.ir/products/linen-sport-jacket-erika,کلکسیون‌ها,https://www.poshaktaranom.ir/collections,200,https://www.poshaktaranom.ir/collections,https://www.poshaktaranom.ir/collections,INDEXABLE,yes,0
https://www.poshaktaranom.ir/products/linen-sport-jacket-erika,مانتو,https://www.poshaktaranom.ir/products,200,https://www.poshaktaranom.ir/products,https://www.poshaktaranom.ir/products,INDEXABLE,yes,0
https://www.poshaktaranom.ir/products/linen-sport-jacket-erika,ارسال,https://www.poshaktaranom.ir/shipping,200,https://www.poshaktaranom.ir/shipping,https://www.poshaktaranom.ir/shipping,INDEXABLE,yes,0
https://www.poshaktaranom.ir/products/linen-sport-jacket-erika,مرجوعی و تعویض,https://www.poshaktaranom.ir/returns,200,https://www.poshaktaranom.ir/returns,https://www.poshaktaranom.ir/returns,INDEXABLE,yes,0
https://www.poshaktaranom.ir/products/linen-sport-jacket-erika,حساب کاربری,https://www.poshaktaranom.ir/account,200,https://www.poshaktaranom.ir/account,,NOINDEX,yes,0
https://www.poshaktaranom.ir/products/linen-sport-jacket-erika,درباره ما,https://www.poshaktaranom.ir/about,200,https://www.poshaktaranom.ir/about,https://www.poshaktaranom.ir/about,INDEXABLE,yes,0
https://www.poshaktaranom.ir/products/linen-sport-jacket-erika,تماس,https://www.poshaktaranom.ir/contact,200,https://www.poshaktaranom.ir/contact,https://www.poshaktaranom.ir/contact,INDEXABLE,yes,0
https://www.poshaktaranom.ir/products/linen-sport-jacket-erika,خرید عمده,https://poshaktaranom.com/,200,https://poshaktaranom.com/,https://poshaktaranom.com,INDEXABLE,yes,0
https://www.poshaktaranom.ir/products/linen-sport-jacket-erika,,https://trustseal.enamad.ir/?id=539366&amp;Code=30taf181eKxgXBhkF6gHyal9VAyjyXT1,,,,UNKNOWN,no,
https://www.poshaktaranom.ir/products/bezayagh-jacket-rose,POSHAK TARANOM,https://www.poshaktaranom.ir/,200,https://www.poshaktaranom.ir/,https://www.poshaktaranom.ir,INDEXABLE,yes,0
https://www.poshaktaranom.ir/products/bezayagh-jacket-rose,صفحه اصلی,https://www.poshaktaranom.ir/,200,https://www.poshaktaranom.ir/,https://www.poshaktaranom.ir,INDEXABLE,yes,0
https://www.poshaktaranom.ir/products/bezayagh-jacket-rose,جدیدترین‌ها,https://www.poshaktaranom.ir/products,200,https://www.poshaktaranom.ir/products,https://www.poshaktaranom.ir/products,INDEXABLE,yes,0
https://www.poshaktaranom.ir/products/bezayagh-jacket-rose,کلکسیون,https://www.poshaktaranom.ir/collections,200,https://www.poshaktaranom.ir/collections,https://www.poshaktaranom.ir/collections,INDEXABLE,yes,0
https://www.poshaktaranom.ir/products/bezayagh-jacket-rose,وبلاگ,https://www.poshaktaranom.ir/blog,200,https://www.poshaktaranom.ir/blog,https://www.poshaktaranom.ir/blog,INDEXABLE,yes,0
https://www.poshaktaranom.ir/products/bezayagh-jacket-rose,درباره ما,https://www.poshaktaranom.ir/about,200,https://www.poshaktaranom.ir/about,https://www.poshaktaranom.ir/about,INDEXABLE,yes,0
https://www.poshaktaranom.ir/products/bezayagh-jacket-rose,تماس با ما,https://www.poshaktaranom.ir/contact,200,https://www.poshaktaranom.ir/contact,https://www.poshaktaranom.ir/contact,INDEXABLE,yes,0
https://www.poshaktaranom.ir/products/bezayagh-jacket-rose,,https://www.poshaktaranom.ir/products,200,https://www.poshaktaranom.ir/products,https://www.poshaktaranom.ir/products,INDEXABLE,yes,0
https://www.poshaktaranom.ir/products/bezayagh-jacket-rose,,https://www.poshaktaranom.ir/account,200,https://www.poshaktaranom.ir/account,,NOINDEX,yes,0
https://www.poshaktaranom.ir/products/bezayagh-jacket-rose,جدیدترین‌ها,https://www.poshaktaranom.ir/products,200,https://www.poshaktaranom.ir/products,https://www.poshaktaranom.ir/products,INDEXABLE,yes,0
https://www.poshaktaranom.ir/products/bezayagh-jacket-rose,کلکسیون‌ها,https://www.poshaktaranom.ir/collections,200,https://www.poshaktaranom.ir/collections,https://www.poshaktaranom.ir/collections,INDEXABLE,yes,0
https://www.poshaktaranom.ir/products/bezayagh-jacket-rose,مانتو,https://www.poshaktaranom.ir/products,200,https://www.poshaktaranom.ir/products,https://www.poshaktaranom.ir/products,INDEXABLE,yes,0
https://www.poshaktaranom.ir/products/bezayagh-jacket-rose,ارسال,https://www.poshaktaranom.ir/shipping,200,https://www.poshaktaranom.ir/shipping,https://www.poshaktaranom.ir/shipping,INDEXABLE,yes,0
https://www.poshaktaranom.ir/products/bezayagh-jacket-rose,مرجوعی و تعویض,https://www.poshaktaranom.ir/returns,200,https://www.poshaktaranom.ir/returns,https://www.poshaktaranom.ir/returns,INDEXABLE,yes,0
https://www.poshaktaranom.ir/products/bezayagh-jacket-rose,حساب کاربری,https://www.poshaktaranom.ir/account,200,https://www.poshaktaranom.ir/account,,NOINDEX,yes,0
https://www.poshaktaranom.ir/products/bezayagh-jacket-rose,درباره ما,https://www.poshaktaranom.ir/about,200,https://www.poshaktaranom.ir/about,https://www.poshaktaranom.ir/about,INDEXABLE,yes,0
https://www.poshaktaranom.ir/products/bezayagh-jacket-rose,تماس,https://www.poshaktaranom.ir/contact,200,https://www.poshaktaranom.ir/contact,https://www.poshaktaranom.ir/contact,INDEXABLE,yes,0
https://www.poshaktaranom.ir/products/bezayagh-jacket-rose,خرید عمده,https://poshaktaranom.com/,200,https://poshaktaranom.com/,https://poshaktaranom.com,INDEXABLE,yes,0
https://www.poshaktaranom.ir/products/bezayagh-jacket-rose,,https://trustseal.enamad.ir/?id=539366&amp;Code=30taf181eKxgXBhkF6gHyal9VAyjyXT1,,,,UNKNOWN,no,
https://www.poshaktaranom.ir/products/cotton-vest-pants-set-nazi,POSHAK TARANOM,https://www.poshaktaranom.ir/,200,https://www.poshaktaranom.ir/,https://www.poshaktaranom.ir,INDEXABLE,yes,0
https://www.poshaktaranom.ir/products/cotton-vest-pants-set-nazi,صفحه اصلی,https://www.poshaktaranom.ir/,200,https://www.poshaktaranom.ir/,https://www.poshaktaranom.ir,INDEXABLE,yes,0
https://www.poshaktaranom.ir/products/cotton-vest-pants-set-nazi,جدیدترین‌ها,https://www.poshaktaranom.ir/products,200,https://www.poshaktaranom.ir/products,https://www.poshaktaranom.ir/products,INDEXABLE,yes,0
https://www.poshaktaranom.ir/products/cotton-vest-pants-set-nazi,کلکسیون,https://www.poshaktaranom.ir/collections,200,https://www.poshaktaranom.ir/collections,https://www.poshaktaranom.ir/collections,INDEXABLE,yes,0
https://www.poshaktaranom.ir/products/cotton-vest-pants-set-nazi,وبلاگ,https://www.poshaktaranom.ir/blog,200,https://www.poshaktaranom.ir/blog,https://www.poshaktaranom.ir/blog,INDEXABLE,yes,0
https://www.poshaktaranom.ir/products/cotton-vest-pants-set-nazi,درباره ما,https://www.poshaktaranom.ir/about,200,https://www.poshaktaranom.ir/about,https://www.poshaktaranom.ir/about,INDEXABLE,yes,0
https://www.poshaktaranom.ir/products/cotton-vest-pants-set-nazi,تماس با ما,https://www.poshaktaranom.ir/contact,200,https://www.poshaktaranom.ir/contact,https://www.poshaktaranom.ir/contact,INDEXABLE,yes,0
https://www.poshaktaranom.ir/products/cotton-vest-pants-set-nazi,,https://www.poshaktaranom.ir/products,200,https://www.poshaktaranom.ir/products,https://www.poshaktaranom.ir/products,INDEXABLE,yes,0
https://www.poshaktaranom.ir/products/cotton-vest-pants-set-nazi,,https://www.poshaktaranom.ir/account,200,https://www.poshaktaranom.ir/account,,NOINDEX,yes,0
https://www.poshaktaranom.ir/products/cotton-vest-pants-set-nazi,جدیدترین‌ها,https://www.poshaktaranom.ir/products,200,https://www.poshaktaranom.ir/products,https://www.poshaktaranom.ir/products,INDEXABLE,yes,0
https://www.poshaktaranom.ir/products/cotton-vest-pants-set-nazi,کلکسیون‌ها,https://www.poshaktaranom.ir/collections,200,https://www.poshaktaranom.ir/collections,https://www.poshaktaranom.ir/collections,INDEXABLE,yes,0
https://www.poshaktaranom.ir/products/cotton-vest-pants-set-nazi,مانتو,https://www.poshaktaranom.ir/products,200,https://www.poshaktaranom.ir/products,https://www.poshaktaranom.ir/products,INDEXABLE,yes,0
https://www.poshaktaranom.ir/products/cotton-vest-pants-set-nazi,ارسال,https://www.poshaktaranom.ir/shipping,200,https://www.poshaktaranom.ir/shipping,https://www.poshaktaranom.ir/shipping,INDEXABLE,yes,0
https://www.poshaktaranom.ir/products/cotton-vest-pants-set-nazi,مرجوعی و تعویض,https://www.poshaktaranom.ir/returns,200,https://www.poshaktaranom.ir/returns,https://www.poshaktaranom.ir/returns,INDEXABLE,yes,0
https://www.poshaktaranom.ir/products/cotton-vest-pants-set-nazi,حساب کاربری,https://www.poshaktaranom.ir/account,200,https://www.poshaktaranom.ir/account,,NOINDEX,yes,0
https://www.poshaktaranom.ir/products/cotton-vest-pants-set-nazi,درباره ما,https://www.poshaktaranom.ir/about,200,https://www.poshaktaranom.ir/about,https://www.poshaktaranom.ir/about,INDEXABLE,yes,0
https://www.poshaktaranom.ir/products/cotton-vest-pants-set-nazi,تماس,https://www.poshaktaranom.ir/contact,200,https://www.poshaktaranom.ir/contact,https://www.poshaktaranom.ir/contact,INDEXABLE,yes,0
https://www.poshaktaranom.ir/products/cotton-vest-pants-set-nazi,خرید عمده,https://poshaktaranom.com/,200,https://poshaktaranom.com/,https://poshaktaranom.com,INDEXABLE,yes,0
https://www.poshaktaranom.ir/products/cotton-vest-pants-set-nazi,,https://trustseal.enamad.ir/?id=539366&amp;Code=30taf181eKxgXBhkF6gHyal9VAyjyXT1,,,,UNKNOWN,no,
https://www.poshaktaranom.ir/blog/trendy-womens-shirt-1405,POSHAK TARANOM,https://www.poshaktaranom.ir/,200,https://www.poshaktaranom.ir/,https://www.poshaktaranom.ir,INDEXABLE,yes,0
https://www.poshaktaranom.ir/blog/trendy-womens-shirt-1405,صفحه اصلی,https://www.poshaktaranom.ir/,200,https://www.poshaktaranom.ir/,https://www.poshaktaranom.ir,INDEXABLE,yes,0
https://www.poshaktaranom.ir/blog/trendy-womens-shirt-1405,جدیدترین‌ها,https://www.poshaktaranom.ir/products,200,https://www.poshaktaranom.ir/products,https://www.poshaktaranom.ir/products,INDEXABLE,yes,0
https://www.poshaktaranom.ir/blog/trendy-womens-shirt-1405,کلکسیون,https://www.poshaktaranom.ir/collections,200,https://www.poshaktaranom.ir/collections,https://www.poshaktaranom.ir/collections,INDEXABLE,yes,0
https://www.poshaktaranom.ir/blog/trendy-womens-shirt-1405,وبلاگ,https://www.poshaktaranom.ir/blog,200,https://www.poshaktaranom.ir/blog,https://www.poshaktaranom.ir/blog,INDEXABLE,yes,0
https://www.poshaktaranom.ir/blog/trendy-womens-shirt-1405,درباره ما,https://www.poshaktaranom.ir/about,200,https://www.poshaktaranom.ir/about,https://www.poshaktaranom.ir/about,INDEXABLE,yes,0
https://www.poshaktaranom.ir/blog/trendy-womens-shirt-1405,تماس با ما,https://www.poshaktaranom.ir/contact,200,https://www.poshaktaranom.ir/contact,https://www.poshaktaranom.ir/contact,INDEXABLE,yes,0
https://www.poshaktaranom.ir/blog/trendy-womens-shirt-1405,,https://www.poshaktaranom.ir/products,200,https://www.poshaktaranom.ir/products,https://www.poshaktaranom.ir/products,INDEXABLE,yes,0
https://www.poshaktaranom.ir/blog/trendy-womens-shirt-1405,,https://www.poshaktaranom.ir/account,200,https://www.poshaktaranom.ir/account,,NOINDEX,yes,0
https://www.poshaktaranom.ir/blog/trendy-womens-shirt-1405,جدیدترین‌ها,https://www.poshaktaranom.ir/products,200,https://www.poshaktaranom.ir/products,https://www.poshaktaranom.ir/products,INDEXABLE,yes,0
https://www.poshaktaranom.ir/blog/trendy-womens-shirt-1405,کلکسیون‌ها,https://www.poshaktaranom.ir/collections,200,https://www.poshaktaranom.ir/collections,https://www.poshaktaranom.ir/collections,INDEXABLE,yes,0
https://www.poshaktaranom.ir/blog/trendy-womens-shirt-1405,مانتو,https://www.poshaktaranom.ir/products,200,https://www.poshaktaranom.ir/products,https://www.poshaktaranom.ir/products,INDEXABLE,yes,0
https://www.poshaktaranom.ir/blog/trendy-womens-shirt-1405,ارسال,https://www.poshaktaranom.ir/shipping,200,https://www.poshaktaranom.ir/shipping,https://www.poshaktaranom.ir/shipping,INDEXABLE,yes,0
https://www.poshaktaranom.ir/blog/trendy-womens-shirt-1405,مرجوعی و تعویض,https://www.poshaktaranom.ir/returns,200,https://www.poshaktaranom.ir/returns,https://www.poshaktaranom.ir/returns,INDEXABLE,yes,0
https://www.poshaktaranom.ir/blog/trendy-womens-shirt-1405,حساب کاربری,https://www.poshaktaranom.ir/account,200,https://www.poshaktaranom.ir/account,,NOINDEX,yes,0
https://www.poshaktaranom.ir/blog/trendy-womens-shirt-1405,درباره ما,https://www.poshaktaranom.ir/about,200,https://www.poshaktaranom.ir/about,https://www.poshaktaranom.ir/about,INDEXABLE,yes,0
https://www.poshaktaranom.ir/blog/trendy-womens-shirt-1405,تماس,https://www.poshaktaranom.ir/contact,200,https://www.poshaktaranom.ir/contact,https://www.poshaktaranom.ir/contact,INDEXABLE,yes,0
https://www.poshaktaranom.ir/blog/trendy-womens-shirt-1405,خرید عمده,https://poshaktaranom.com/,200,https://poshaktaranom.com/,https://poshaktaranom.com,INDEXABLE,yes,0
https://www.poshaktaranom.ir/blog/trendy-womens-shirt-1405,,https://trustseal.enamad.ir/?id=539366&amp;Code=30taf181eKxgXBhkF6gHyal9VAyjyXT1,,,,UNKNOWN,no,
https://www.poshaktaranom.ir/blog/trendy-womens-shirt-1405,بازگشت به وبلاگ,https://www.poshaktaranom.ir/blog,200,https://www.poshaktaranom.ir/blog,https://www.poshaktaranom.ir/blog,INDEXABLE,yes,0
https://www.poshaktaranom.ir/blog/trendy-womens-shirt-1405,# شومیز زنانه,https://www.poshaktaranom.ir/blog/tag/shvmyz-znanh,200,https://www.poshaktaranom.ir/blog/tag/shvmyz-znanh,https://www.poshaktaranom.ir/blog/tag/shvmyz-znanh,INDEXABLE,yes,0
https://www.poshaktaranom.ir/blog/trendy-womens-shirt-1405,# شومیز ۱۴۰۵,https://www.poshaktaranom.ir/blog/tag/shvmyz-1405,200,https://www.poshaktaranom.ir/blog/tag/shvmyz-1405,https://www.poshaktaranom.ir/blog/tag/shvmyz-1405,INDEXABLE,yes,0
https://www.poshaktaranom.ir/blog/trendy-womens-shirt-1405,# شومیز باکسی,https://www.poshaktaranom.ir/blog/tag/shvmyz-baksy,200,https://www.poshaktaranom.ir/blog/tag/shvmyz-baksy,https://www.poshaktaranom.ir/blog/tag/shvmyz-baksy,INDEXABLE,yes,0
https://www.poshaktaranom.ir/blog/trendy-womens-shirt-1405,# شومیز آزاد,https://www.poshaktaranom.ir/blog/tag/shvmyz-azad,200,https://www.poshaktaranom.ir/blog/tag/shvmyz-azad,https://www.poshaktaranom.ir/blog/tag/shvmyz-azad,INDEXABLE,yes,0
https://www.poshaktaranom.ir/blog/trendy-womens-shirt-1405,# شومیز مینیمال,https://www.poshaktaranom.ir/blog/tag/shvmyz-mynymal,200,https://www.poshaktaranom.ir/blog/tag/shvmyz-mynymal,https://www.poshaktaranom.ir/blog/tag/shvmyz-mynymal,INDEXABLE,yes,0
https://www.poshaktaranom.ir/blog/trendy-womens-shirt-1405,# استایل زنانه,https://www.poshaktaranom.ir/blog/tag/astayl-znanh,200,https://www.poshaktaranom.ir/blog/tag/astayl-znanh,https://www.poshaktaranom.ir/blog/tag/astayl-znanh,INDEXABLE,yes,0
https://www.poshaktaranom.ir/blog/trendy-womens-shirt-1405,# شومیز تابستانی,https://www.poshaktaranom.ir/blog/tag/shvmyz-tabstany,200,https://www.poshaktaranom.ir/blog/tag/shvmyz-tabstany,https://www.poshaktaranom.ir/blog/tag/shvmyz-tabstany,INDEXABLE,yes,0
https://www.poshaktaranom.ir/blog/summer-manto-trends-1405,POSHAK TARANOM,https://www.poshaktaranom.ir/,200,https://www.poshaktaranom.ir/,https://www.poshaktaranom.ir,INDEXABLE,yes,0
https://www.poshaktaranom.ir/blog/summer-manto-trends-1405,صفحه اصلی,https://www.poshaktaranom.ir/,200,https://www.poshaktaranom.ir/,https://www.poshaktaranom.ir,INDEXABLE,yes,0
https://www.poshaktaranom.ir/blog/summer-manto-trends-1405,جدیدترین‌ها,https://www.poshaktaranom.ir/products,200,https://www.poshaktaranom.ir/products,https://www.poshaktaranom.ir/products,INDEXABLE,yes,0
https://www.poshaktaranom.ir/blog/summer-manto-trends-1405,کلکسیون,https://www.poshaktaranom.ir/collections,200,https://www.poshaktaranom.ir/collections,https://www.poshaktaranom.ir/collections,INDEXABLE,yes,0
https://www.poshaktaranom.ir/blog/summer-manto-trends-1405,وبلاگ,https://www.poshaktaranom.ir/blog,200,https://www.poshaktaranom.ir/blog,https://www.poshaktaranom.ir/blog,INDEXABLE,yes,0
https://www.poshaktaranom.ir/blog/summer-manto-trends-1405,درباره ما,https://www.poshaktaranom.ir/about,200,https://www.poshaktaranom.ir/about,https://www.poshaktaranom.ir/about,INDEXABLE,yes,0
https://www.poshaktaranom.ir/blog/summer-manto-trends-1405,تماس با ما,https://www.poshaktaranom.ir/contact,200,https://www.poshaktaranom.ir/contact,https://www.poshaktaranom.ir/contact,INDEXABLE,yes,0
https://www.poshaktaranom.ir/blog/summer-manto-trends-1405,,https://www.poshaktaranom.ir/products,200,https://www.poshaktaranom.ir/products,https://www.poshaktaranom.ir/products,INDEXABLE,yes,0
https://www.poshaktaranom.ir/blog/summer-manto-trends-1405,,https://www.poshaktaranom.ir/account,200,https://www.poshaktaranom.ir/account,,NOINDEX,yes,0
https://www.poshaktaranom.ir/blog/summer-manto-trends-1405,جدیدترین‌ها,https://www.poshaktaranom.ir/products,200,https://www.poshaktaranom.ir/products,https://www.poshaktaranom.ir/products,INDEXABLE,yes,0
https://www.poshaktaranom.ir/blog/summer-manto-trends-1405,کلکسیون‌ها,https://www.poshaktaranom.ir/collections,200,https://www.poshaktaranom.ir/collections,https://www.poshaktaranom.ir/collections,INDEXABLE,yes,0
https://www.poshaktaranom.ir/blog/summer-manto-trends-1405,مانتو,https://www.poshaktaranom.ir/products,200,https://www.poshaktaranom.ir/products,https://www.poshaktaranom.ir/products,INDEXABLE,yes,0
https://www.poshaktaranom.ir/blog/summer-manto-trends-1405,ارسال,https://www.poshaktaranom.ir/shipping,200,https://www.poshaktaranom.ir/shipping,https://www.poshaktaranom.ir/shipping,INDEXABLE,yes,0
https://www.poshaktaranom.ir/blog/summer-manto-trends-1405,مرجوعی و تعویض,https://www.poshaktaranom.ir/returns,200,https://www.poshaktaranom.ir/returns,https://www.poshaktaranom.ir/returns,INDEXABLE,yes,0
https://www.poshaktaranom.ir/blog/summer-manto-trends-1405,حساب کاربری,https://www.poshaktaranom.ir/account,200,https://www.poshaktaranom.ir/account,,NOINDEX,yes,0
https://www.poshaktaranom.ir/blog/summer-manto-trends-1405,درباره ما,https://www.poshaktaranom.ir/about,200,https://www.poshaktaranom.ir/about,https://www.poshaktaranom.ir/about,INDEXABLE,yes,0
https://www.poshaktaranom.ir/blog/summer-manto-trends-1405,تماس,https://www.poshaktaranom.ir/contact,200,https://www.poshaktaranom.ir/contact,https://www.poshaktaranom.ir/contact,INDEXABLE,yes,0
https://www.poshaktaranom.ir/blog/summer-manto-trends-1405,خرید عمده,https://poshaktaranom.com/,200,https://poshaktaranom.com/,https://poshaktaranom.com,INDEXABLE,yes,0
https://www.poshaktaranom.ir/blog/summer-manto-trends-1405,,https://trustseal.enamad.ir/?id=539366&amp;Code=30taf181eKxgXBhkF6gHyal9VAyjyXT1,,,,UNKNOWN,no,
https://www.poshaktaranom.ir/blog/summer-manto-trends-1405,بازگشت به وبلاگ,https://www.poshaktaranom.ir/blog,200,https://www.poshaktaranom.ir/blog,https://www.poshaktaranom.ir/blog,INDEXABLE,yes,0
https://www.poshaktaranom.ir/blog/summer-manto-trends-1405,# مانتو تابستانی,https://www.poshaktaranom.ir/blog/tag/mantv-tabstany,200,https://www.poshaktaranom.ir/blog/tag/mantv-tabstany,https://www.poshaktaranom.ir/blog/tag/mantv-tabstany,INDEXABLE,yes,0
https://www.poshaktaranom.ir/blog/summer-manto-trends-1405,# مدل مانتو ۱۴۰۵,https://www.poshaktaranom.ir/blog/tag/mdl-mantv-1405,200,https://www.poshaktaranom.ir/blog/tag/mdl-mantv-1405,https://www.poshaktaranom.ir/blog/tag/mdl-mantv-1405,INDEXABLE,yes,0
https://www.poshaktaranom.ir/blog/summer-manto-trends-1405,# مانتو لینن,https://www.poshaktaranom.ir/blog/tag/mantv-lynn,200,https://www.poshaktaranom.ir/blog/tag/mantv-lynn,https://www.poshaktaranom.ir/blog/tag/mantv-lynn,INDEXABLE,yes,0
https://www.poshaktaranom.ir/blog/summer-manto-trends-1405,# مانتو کوتاه,https://www.poshaktaranom.ir/blog/tag/mantv-kvtah,200,https://www.poshaktaranom.ir/blog/tag/mantv-kvtah,https://www.poshaktaranom.ir/blog/tag/mantv-kvtah,INDEXABLE,yes,0
https://www.poshaktaranom.ir/blog/summer-manto-trends-1405,# مانتو جلوبسته,https://www.poshaktaranom.ir/blog/tag/mantv-jlvbsth,200,https://www.poshaktaranom.ir/blog/tag/mantv-jlvbsth,https://www.poshaktaranom.ir/blog/tag/mantv-jlvbsth,INDEXABLE,yes,0
https://www.poshaktaranom.ir/blog/summer-manto-trends-1405,# مانتو اسپرت زنانه,https://www.poshaktaranom.ir/blog/tag/mantv-asprt-znanh,200,https://www.poshaktaranom.ir/blog/tag/mantv-asprt-znanh,https://www.poshaktaranom.ir/blog/tag/mantv-asprt-znanh,INDEXABLE,yes,0
https://www.poshaktaranom.ir/blog/summer-manto-trends-1405,# استایل تابستانی,https://www.poshaktaranom.ir/blog/tag/astayl-tabstany,200,https://www.poshaktaranom.ir/blog/tag/astayl-tabstany,https://www.poshaktaranom.ir/blog/tag/astayl-tabstany,INDEXABLE,yes,0
https://www.poshaktaranom.ir/blog/summer-manto-trends-1405,کفتان لینن مدل آفاق KAFTANS00001,https://www.poshaktaranom.ir/products/linen-kaftan-afagh,200,https://www.poshaktaranom.ir/products/linen-kaftan-afagh,https://www.poshaktaranom.ir/products/linen-kaftan-afagh,INDEXABLE,yes,0
https://www.poshaktaranom.ir/blog/summer-manto-trends-1405,مانتو شومیزی لینن مدل بهگل طرح پاپیون BLOUSES00006,https://www.poshaktaranom.ir/products/linen-bow-tie-shirt-manteau-behgol,200,https://www.poshaktaranom.ir/products/linen-bow-tie-shirt-manteau-behgol,https://www.poshaktaranom.ir/products/linen-bow-tie-shirt-manteau-behgol,INDEXABLE,yes,0
https://www.poshaktaranom.ir/blog/summer-manto-trends-1405,مانتو شومیزی لینن مدل بهگل طرح پروانه BLOUSES00005,https://www.poshaktaranom.ir/products/linen-butterfly-shirt-manteau-behgol,200,https://www.poshaktaranom.ir/products/linen-butterfly-shirt-manteau-behgol,https://www.poshaktaranom.ir/products/linen-butterfly-shirt-manteau-behgol,INDEXABLE,yes,0
https://www.poshaktaranom.ir/blog/summer-manto-trends-1405,مانتو شومیزی لینن مدل بهگل طرح قلب BLOUSES00007,https://www.poshaktaranom.ir/products/linen-heart-shirt-manteau-behgol,200,https://www.poshaktaranom.ir/products/linen-heart-shirt-manteau-behgol,https://www.poshaktaranom.ir/products/linen-heart-shirt-manteau-behgol,INDEXABLE,yes,0
https://www.poshaktaranom.ir/blog/summer-manto-trends-1405,مانتو شومیزی لینن مدل یاقوت BLOUSES00008,https://www.poshaktaranom.ir/products/linen-shirt-manteau-yaghoot,200,https://www.poshaktaranom.ir/products/linen-shirt-manteau-yaghoot,https://www.poshaktaranom.ir/products/linen-shirt-manteau-yaghoot,INDEXABLE,yes,0
